Pais,Anio,intensidad_energetica_medida_en_terminos_de_energia_primaria_y_PBI,proporcion_de_la_poblacion_con_acceso_a_elecricidad,proporcion_de_la_poblacion_con_dependencia_primaria_a_energias_limpias,proporcion_de_energias_renovables_del_total_consumido
Argentina,2000,3.69,95.78329,95,9.85
Argentina,2001,3.59,95.51106,96,11.51
Argentina,2002,3.99,96.22887,96,11.62
Argentina,2003,3.97,96.44263,96,10.82
Argentina,2004,4.04,96.6535,96,9.29
Argentina,2005,3.68,96.86385,96,9.64
Argentina,2006,3.58,97.07606,96,9.18
Argentina,2007,3.44,97.29279,96,7.72
Argentina,2008,3.42,97.51675,96,7.65
Argentina,2009,3.35,97.75066,96,8.59
Argentina,2010,3.26,98.82,96,8.79
Argentina,2011,3.18,99.09535,96,8.83
Argentina,2012,3.3,99.22998,96,8.61
Argentina,2013,3.31,99.34267,96,8.91
Argentina,2014,3.4,100.0,96,9.79
Argentina,2015,3.36,99.62539,96,9.4
Argentina,2016,3.41,99.84958,96,9.38
Argentina,2017,3.32,100.0,96,10.37
Argentina,2018,3.31,99.98958,96,10.52
Argentina,2019,3.35,100.0,96,10.74
Bolivia,2000,3.53,69.96305,63,29.74
Bolivia,2001,3.41,69.25854,64,29.91
Bolivia,2002,3.32,63.99686,65,28.28
Bolivia,2003,3.74,72.3,66,26.31
Bolivia,2004,3.67,75.9453,67,25.23
Bolivia,2005,3.8,68.28821,68,23.13
Bolivia,2006,3.78,76.21128,70,21.48
Bolivia,2007,3.94,80.15657,72,20.27
Bolivia,2008,3.89,84.67499,73,17.85
Bolivia,2009,3.91,86.7656,75,16.21
Bolivia,2010,4.05,87.88631,76,15.34
Bolivia,2011,4.17,88.33594,78,13.54
Bolivia,2012,4.13,90.38738,79,12.8
Bolivia,2013,4.11,89.50569,80,12.06
Bolivia,2014,4.17,90.03873,82,10.55
Bolivia,2015,4.08,91.52282,83,8.02
Bolivia,2016,4.13,91.8,84,7.95
Bolivia,2017,4.09,91.8,84,7.27
Bolivia,2018,3.99,92.8,85,7.37
Bolivia,2019,3.82,95.08,86,8.67
Brasil,2000,3.88,94.39172,89,42.66
Brasil,2001,3.9,96.01653,90,41.33
Brasil,2002,3.89,96.653,90,42.85
Brasil,2003,3.91,96.9801,91,45.11
Brasil,2004,3.9,96.76511,91,45.18
Brasil,2005,3.88,97.09351,92,46.13
Brasil,2006,3.86,97.59431,92,46.67
Brasil,2007,3.84,98.12538,93,47.19
Brasil,2008,3.86,98.52663,93,47.04
Brasil,2009,3.74,98.85694,94,48.92
Brasil,2010,3.85,98.6,94,46.81
Brasil,2011,3.75,99.32869,94,45.26
Brasil,2012,3.82,99.51949,95,43.49
Brasil,2013,3.88,99.57515,95,42.32
Brasil,2014,3.98,99.65025,96,41.71
Brasil,2015,4.05,99.7109,96,43.62
Brasil,2016,4.03,99.7,96,45.46
Brasil,2017,4.05,99.8,96,45.33
Brasil,2018,3.93,99.7,96,46.95
Brasil,2019,3.93,99.8,96,47.57
Canadá,2000,9.31,100.0,96,22.04
Canadá,2001,9.04,100.0,96,21.53
Canadá,2002,8.77,100.0,96,21.77
Canadá,2003,8.89,100.0,96,21.18
Canadá,2004,8.77,100.0,96,21.58
Canadá,2005,8.46,100.0,96,21.99
Canadá,2006,8.25,100.0,96,21.92
Canadá,2007,7.71,100.0,96,21.84
Canadá,2008,7.44,100.0,96,21.91
Canadá,2009,7.37,100.0,96,22.5
Canadá,2010,7.16,100.0,96,21.88
Canadá,2011,7.09,100.0,96,21.84
Canadá,2012,7.03,100.0,96,22.17
Canadá,2013,7.01,100.0,96,22.44
Canadá,2014,6.99,100.0,96,22.49
Canadá,2015,6.91,100.0,96,22.69
Canadá,2016,7.1,100.0,96,22.05
Canadá,2017,7.17,100.0,96,22.47
Canadá,2018,7.1,100.0,96,21.99
Canadá,2019,6.94,100.0,96,22.11
Chile,2000,4.39,97.93869,96,31.36
Chile,2001,4.17,97.11581,96,32.15
Chile,2002,4.19,97.28368,96,33.07
Chile,2003,4.07,98.78233,96,31.62
Chile,2004,4.04,97.60609,96,31.44
Chile,2005,3.94,97.76531,96,32.26
Chile,2006,3.86,99.36811,96,32.91
Chile,2007,3.81,98.09202,96,30.46
Chile,2008,3.65,98.26487,96,30.83
Chile,2009,3.61,99.59366,96,31.53
Chile,2010,3.56,99.53839,96,27.04
Chile,2011,3.66,99.58819,96,28.79
Chile,2012,3.84,100.0,96,30.31
Chile,2013,3.82,99.6,96,30.23
Chile,2014,3.39,100.0,96,26.95
Chile,2015,3.39,99.71484,96,25.07
Chile,2016,3.54,100.0,96,24.55
Chile,2017,3.55,99.7,96,24.11
Chile,2018,3.49,100.0,96,25.46
Chile,2019,3.66,100.0,96,25.26
Colombia,2000,3.0,95.2,78,28.03
Colombia,2001,2.95,98.47,79,27.24
Colombia,2002,2.83,94.9055,80,28.8
Colombia,2003,2.78,95.12935,81,30.7
Colombia,2004,2.66,95.35031,82,29.18
Colombia,2005,2.65,96.8,82,29.08
Colombia,2006,2.62,95.79303,83,29.69
Colombia,2007,2.44,96.01984,84,30.42
Colombia,2008,2.48,96.80676,85,29.97
Colombia,2009,2.55,96.05723,85,30.91
Colombia,2010,2.4,96.789,86,29.75
Colombia,2011,2.3,96.6936,87,28.91
Colombia,2012,2.14,97.03218,88,28.9
Colombia,2013,2.66,97.77942,88,32.29
Colombia,2014,2.58,97.79094,89,32.38
Colombia,2015,2.53,98.1869,90,31.6
Colombia,2016,2.58,98.4,91,30.74
Colombia,2017,2.44,98.5,91,32.53
Colombia,2018,2.29,98.5,92,30.72
Colombia,2019,2.51,99.75592,92,30.72
Costa Rica,2000,2.41,96.94,89,32.95
Costa Rica,2001,2.34,98.24978,89,32.11
Costa Rica,2002,2.39,98.50919,90,32.54
Costa Rica,2003,2.44,98.6959,90,33.3
Costa Rica,2004,2.78,98.95478,90,39.16
Costa Rica,2005,2.67,99.05305,91,41.73
Costa Rica,2006,2.71,99.14752,91,42.4
Costa Rica,2007,2.64,99.218,91,41.19
Costa Rica,2008,2.54,99.26394,92,40.7
Costa Rica,2009,2.58,99.4098,92,40.72
Costa Rica,2010,2.47,98.99573,92,40.39
Costa Rica,2011,2.38,99.23235,93,38.02
Costa Rica,2012,2.36,99.5033,93,38.06
Costa Rica,2013,2.42,99.56352,94,37.8
Costa Rica,2014,2.37,99.35929,94,37.62
Costa Rica,2015,2.23,99.4098,94,38.33
Costa Rica,2016,2.2,99.5,95,36.81
Costa Rica,2017,2.09,99.6,95,36.2
Costa Rica,2018,1.98,99.7,96,35.7
Costa Rica,2019,2.11,99.71,96,35.76
Cuba,2000,3.46,97.0,71,34.43
Cuba,2001,3.28,96.22626,74,34.05
Cuba,2002,3.01,95.5,77,34.8
Cuba,2003,2.89,96.51303,80,33.56
Cuba,2004,2.67,96.65091,82,33.77
Cuba,2005,2.27,96.78825,84,26.31
Cuba,2006,2.02,96.92747,85,21.96
Cuba,2007,1.79,97.07121,87,18.59
Cuba,2008,1.83,97.22218,88,18.73
Cuba,2009,1.75,97.38309,89,18.97
Cuba,2010,1.85,97.55665,90,15.61
Cuba,2011,1.74,97.74557,91,19.2
Cuba,2012,1.73,97.95255,92,19.38
Cuba,2013,1.6,98.17937,92,18.24
Cuba,2014,1.61,98.42399,93,23.16
Cuba,2015,1.57,98.68346,93,21.15
Cuba,2016,1.54,98.95479,93,19.2
Cuba,2017,1.45,99.23503,93,22.0
Cuba,2018,1.37,99.52121,94,24.11
Cuba,2019,1.27,99.8,94,21.54
República Dominicana,2000,3.9,88.76493,84,19.11
República Dominicana,2001,3.7,89.79136,85,18.89
República Dominicana,2002,3.87,89.74981,86,17.94
República Dominicana,2003,3.53,89.17381,86,18.94
República Dominicana,2004,3.34,90.31657,86,20.67
República Dominicana,2005,3.19,90.14122,87,19.44
República Dominicana,2006,3.03,90.11815,87,17.98
República Dominicana,2007,2.93,96.87634,87,17.89
República Dominicana,2008,2.73,97.5762,87,17.68
República Dominicana,2009,2.64,97.85776,87,17.34
República Dominicana,2010,2.57,98.14541,88,16.91
República Dominicana,2011,2.54,97.89887,88,16.75
República Dominicana,2012,2.54,97.86705,88,16.48
República Dominicana,2013,2.36,98.38585,88,16.55
República Dominicana,2014,2.19,98.47098,88,17.28
República Dominicana,2015,2.21,98.56036,89,14.88
República Dominicana,2016,2.21,98.9,90,15.31
República Dominicana,2017,2.09,100.0,90,16.87
República Dominicana,2018,2.06,98.9,90,15.95
República Dominicana,2019,2.08,99.0,91,13.98
Ecuador,2000,3.27,93.73226,88,19.43
Ecuador,2001,3.35,94.02462,89,17.05
Ecuador,2002,3.48,94.30939,90,17.1
Ecuador,2003,3.73,94.97304,91,16.55
Ecuador,2004,3.54,94.86557,91,16.73
Ecuador,2005,3.65,95.83265,92,16.16
Ecuador,2006,3.43,96.31526,92,14.19
Ecuador,2007,3.69,96.81262,93,15.88
Ecuador,2008,3.07,97.20658,93,15.32
Ecuador,2009,3.39,96.47086,93,12.87
Ecuador,2010,3.47,97.46214,94,11.79
Ecuador,2011,3.38,96.8727,94,13.15
Ecuador,2012,3.17,97.19493,94,13.2
Ecuador,2013,3.21,98.03467,94,11.85
Ecuador,2014,3.38,98.97607,94,12.18
Ecuador,2015,3.26,98.82588,94,13.07
Ecuador,2016,3.16,98.7,94,14.75
Ecuador,2017,3.18,99.2,94,17.05
Ecuador,2018,3.1,98.7,94,16.33
Ecuador,2019,3.26,99.09,94,17.73
El Salvador,2000,3.47,84.51925,58,33.51
El Salvador,2001,3.65,87.06383,60,33.11
El Salvador,2002,3.69,87.54906,62,34.02
El Salvador,2003,3.9,86.96115,64,33.85
El Salvador,2004,3.9,87.35705,66,33.33
El Salvador,2005,3.89,87.52584,68,34.08
El Salvador,2006,3.98,89.20147,69,34.76
El Salvador,2007,3.95,91.10956,71,28.24
El Salvador,2008,3.91,91.00023,73,31.5
El Salvador,2009,3.93,91.08402,75,32.2
El Salvador,2010,3.91,91.58024,77,32.62
El Salvador,2011,3.75,92.57469,79,29.52
El Salvador,2012,3.71,93.68057,80,30.27
El Salvador,2013,3.43,95.04311,82,27.54
El Salvador,2014,3.33,95.12542,84,23.95
El Salvador,2015,3.39,95.4,86,21.03
El Salvador,2016,3.38,96.0,87,20.71
El Salvador,2017,3.25,96.8,88,24.99
El Salvador,2018,3.27,97.0,89,23.21
El Salvador,2019,3.37,97.36,91,19.39
Guatemala,2000,4.0,73.31821,41,62.75
Guatemala,2001,4.01,73.73273,40,61.35
Guatemala,2002,4.43,78.66784,39,63.84
Guatemala,2003,4.4,78.5122,38,64.37
Guatemala,2004,4.4,77.22824,38,66.17
Guatemala,2005,4.36,78.38921,37,65.32
Guatemala,2006,4.17,83.731,37,64.81
Guatemala,2007,4.2,80.71941,37,63.36
Guatemala,2008,3.96,81.894,37,66.59
Guatemala,2009,4.22,83.07853,37,65.35
Guatemala,2010,4.14,84.27571,38,67.17
Guatemala,2011,4.06,84.02641,38,67.19
Guatemala,2012,4.13,86.71886,39,67.45
Guatemala,2013,4.09,87.96929,40,67.29
Guatemala,2014,4.08,85.49437,42,66.36
Guatemala,2015,4.16,90.52062,43,63.4
Guatemala,2016,4.37,91.81558,44,63.34
Guatemala,2017,4.24,93.3,46,65.09
Guatemala,2018,4.25,94.42924,47,64.12
Guatemala,2019,4.24,95.742,49,62.92
Haití,2000,5.63,33.7,4,80.85
Haití,2001,5.55,31.54238,4,80.88
Haití,2002,5.7,33.15247,4,79.08
Haití,2003,5.54,31.6,4,79.02
Haití,2004,5.72,34.11081,4,81.11
Haití,2005,5.7,34.58801,4,81.11
Haití,2006,5.77,33.9,4,81.37
Haití,2007,5.59,35.55065,4,79.26
Haití,2008,5.53,36.04147,4,79.64
Haití,2009,5.41,36.54222,4,80.33
Haití,2010,5.87,37.05562,4,78.99
Haití,2011,5.78,37.58438,4,79.01
Haití,2012,5.93,37.9,4,82.19
Haití,2013,5.93,38.69788,4,80.39
Haití,2014,5.62,39.49641,4,77.77
Haití,2015,5.6,40.83628,4,76.12
Haití,2016,5.7,40.4,4,76.13
Haití,2017,5.68,43.74927,4,76.17
Haití,2018,5.78,44.96235,4,76.25
Haití,2019,5.8,45.99023,4,76.4
Honduras,2000,4.65,67.38335,31,55.24
Honduras,2001,4.88,64.2,32,50.4
Honduras,2002,4.93,63.14114,34,49.76
Honduras,2003,5.12,65.09046,35,47.94
Honduras,2004,5.23,67.11353,36,46.7
Honduras,2005,4.89,68.90331,37,51.62
Honduras,2006,5.0,71.26645,39,52.49
Honduras,2007,5.04,73.54819,40,50.87
Honduras,2008,4.91,76.3969,41,50.32
Honduras,2009,4.97,78.26969,42,51.33
Honduras,2010,4.9,80.98467,42,52.16
Honduras,2011,5.0,82.1953,43,51.92
Honduras,2012,5.05,83.60773,44,52.27
Honduras,2013,4.9,87.18488,44,51.07
Honduras,2014,4.83,88.65377,45,53.63
Honduras,2015,5.02,89.98171,46,52.68
Honduras,2016,4.81,91.6,46,52.77
Honduras,2017,4.05,86.5,47,45.92
Honduras,2018,4.58,91.6,47,49.76
Honduras,2019,4.3,91.1,48,45.96
Jamaica,2000,5.89,84.39413,76,9.37
Jamaica,2001,5.93,87.70811,78,7.95
Jamaica,2002,5.56,86.68129,79,8.07
Jamaica,2003,5.6,86.60857,81,8.18
Jamaica,2004,5.56,87.33781,82,6.4
Jamaica,2005,5.39,88.06651,83,5.43
Jamaica,2006,5.95,88.79708,84,4.82
Jamaica,2007,5.92,89.53218,85,5.35
Jamaica,2008,4.77,92.0,85,5.99
Jamaica,2009,4.02,91.02678,86,7.51
Jamaica,2010,3.8,92.2,86,8.98
Jamaica,2011,3.96,91.1,86,9.84
Jamaica,2012,3.85,93.1,86,12.16
Jamaica,2013,4.02,93.9,86,11.39
Jamaica,2014,3.89,93.3,86,11.88
Jamaica,2015,3.87,94.9,85,12.12
Jamaica,2016,4.27,96.73798,85,11.07
Jamaica,2017,3.86,97.60958,84,10.98
Jamaica,2018,4.28,98.48712,84,8.88
Jamaica,2019,4.45,99.36762,83,9.09
México,2000,3.6,98.00713,82,12.17
México,2001,3.72,97.13832,83,11.34
México,2002,3.76,97.89709,84,10.68
México,2003,3.97,97.40086,85,10.17
México,2004,3.89,98.5977,85,10.21
México,2005,4.01,98.93273,85,10.31
México,2006,3.9,99.11416,85,9.82
México,2007,3.8,97.91057,85,9.46
México,2008,3.78,98.91404,85,9.77
México,2009,3.9,98.19821,85,9.17
México,2010,3.68,99.2367,85,9.36
México,2011,3.72,99.02815,85,9.07
México,2012,3.68,99.11164,85,8.97
México,2013,3.64,99.1477,85,9.23
México,2014,3.47,99.17293,85,9.76
México,2015,3.3,99.0,85,9.19
México,2016,3.21,99.5,85,9.22
México,2017,3.07,100.0,85,9.99
México,2018,3.09,99.5,85,10.03
México,2019,3.06,99.6,85,10.34
Nicaragua,2000,5.23,72.78157,34,58.42
Nicaragua,2001,5.13,72.22158,35,56.66
Nicaragua,2002,5.09,73.85829,36,54.67
Nicaragua,2003,5.15,74.38763,37,51.49
Nicaragua,2004,5.16,74.91408,38,51.17
Nicaragua,2005,5.03,73.82182,39,52.76
Nicaragua,2006,5.0,75.96777,40,53.29
Nicaragua,2007,4.84,76.50008,41,52.61
Nicaragua,2008,4.69,77.03961,43,53.77
Nicaragua,2009,4.82,77.91631,43,54.56
Nicaragua,2010,4.73,78.15121,45,54.44
Nicaragua,2011,4.53,78.7287,46,53.3
Nicaragua,2012,4.61,79.63916,47,53.27
Nicaragua,2013,4.53,80.82344,48,54.28
Nicaragua,2014,4.46,81.85307,49,53.02
Nicaragua,2015,4.5,83.24933,50,50.0
Nicaragua,2016,4.46,84.64011,52,49.54
Nicaragua,2017,4.36,85.98984,53,48.91
Nicaragua,2018,4.46,87.11668,54,51.44
Nicaragua,2019,4.68,88.05833,55,50.71
Panamá,2000,2.27,81.40141,80,27.67
Panamá,2001,2.58,81.45625,81,24.04
Panamá,2002,2.29,82.20092,82,28.71
Panamá,2003,2.2,87.8,82,27.45
Panamá,2004,2.03,83.6769,83,28.21
Panamá,2005,2.14,84.41291,84,22.77
Panamá,2006,2.1,85.15079,84,22.09
Panamá,2007,1.87,85.8932,85,22.79
Panamá,2008,1.63,86.64284,85,23.36
Panamá,2009,1.77,87.40241,86,20.37
Panamá,2010,1.85,86.85,86,20.65
Panamá,2011,1.85,88.96222,87,19.73
Panamá,2012,1.74,89.76787,87,21.25
Panamá,2013,1.58,89.1,87,20.71
Panamá,2014,1.58,91.43664,88,19.78
Panamá,2015,1.51,92.29477,88,21.9
Panamá,2016,1.49,93.16477,88,22.1
Panamá,2017,1.42,93.7,88,23.6
Panamá,2018,1.39,94.92852,88,24.44
Panamá,2019,1.54,95.81633,88,18.91
Paraguay,2000,3.56,89.42114,49,70.41
Paraguay,2001,3.65,91.04207,49,69.84
Paraguay,2002,3.62,91.66644,49,67.68
Paraguay,2003,3.55,92.5584,48,67.05
Paraguay,2004,3.44,93.24988,49,66.75
Paraguay,2005,3.33,94.68689,49,68.81
Paraguay,2006,3.27,96.74905,50,66.46
Paraguay,2007,3.16,96.45277,52,68.44
Paraguay,2008,3.18,96.6779,54,65.81
Paraguay,2009,3.25,96.89134,56,65.36
Paraguay,2010,3.12,97.43086,57,63.61
Paraguay,2011,3.04,98.23656,60,62.46
Paraguay,2012,3.07,97.83562,61,63.43
Paraguay,2013,2.86,99.01588,63,62.55
Paraguay,2014,2.84,99.00072,64,62.54
Paraguay,2015,3.01,99.33153,65,60.51
Paraguay,2016,3.4,98.4,66,62.49
Paraguay,2017,3.42,99.3,67,60.12
Paraguay,2018,3.4,99.6,67,59.24
Paraguay,2019,3.39,99.7,68,60.09
Perú,2000,3.32,72.4965,43,38.57
Perú,2001,3.19,72.11311,46,41.23
Perú,2002,3.03,74.38269,49,40.21
Perú,2003,2.86,74.38097,51,40.91
Perú,2004,2.96,75.69236,54,37.83
Perú,2005,2.95,77.17365,56,38.35
Perú,2006,2.65,80.15728,58,38.7
Perú,2007,2.6,81.98813,60,36.05
Perú,2008,2.62,84.67834,62,33.71
Perú,2009,2.62,86.42432,64,32.92
Perú,2010,2.51,88.12306,66,32.17
Perú,2011,2.72,89.70749,68,30.63
Perú,2012,2.75,91.09951,70,30.8
Perú,2013,2.5,92.13537,72,28.35
Perú,2014,2.57,92.91999,74,28.56
Perú,2015,2.57,93.85218,76,27.43
Perú,2016,2.57,94.2,78,27.2
Perú,2017,2.54,94.8,80,27.59
Perú,2018,2.56,95.2,82,27.89
Perú,2019,2.6,95.55136,83,27.12
Surinam,2000,4.15,95.49438,78,23.63
Surinam,2001,4.29,95.39738,79,24.14
Surinam,2002,2.89,95.29282,80,27.79
Surinam,2003,2.91,95.18301,81,24.64
Surinam,2004,2.96,95.07031,82,22.63
Surinam,2005,3.26,94.95708,83,18.88
Surinam,2006,2.92,91.01984,84,22.09
Surinam,2007,2.64,94.73888,85,24.59
Surinam,2008,2.68,94.63927,85,26.19
Surinam,2009,2.62,94.54961,86,26.47
Surinam,2010,2.96,91.19752,87,22.1
Surinam,2011,3.7,94.41093,88,21.16
Surinam,2012,3.07,94.36734,89,15.77
Surinam,2013,3.66,94.34358,90,17.63
Surinam,2014,3.85,94.33763,91,12.85
Surinam,2015,3.56,94.89523,91,11.59
Surinam,2016,4.14,95.81631,92,11.29
Surinam,2017,3.91,96.69633,93,14.96
Surinam,2018,3.57,97.4,93,17.55
Surinam,2019,3.97,97.82542,94,14.4
Trinidad y Tobago,2000,19.47,91.29,96,0.76
Trinidad y Tobago,2001,20.76,96.93202,96,0.71
Trinidad y Tobago,2002,20.78,97.12315,96,0.69
Trinidad y Tobago,2003,20.45,97.30902,96,0.6
Trinidad y Tobago,2004,19.36,97.49202,96,0.6
Trinidad y Tobago,2005,21.26,97.67448,96,0.54
Trinidad y Tobago,2006,20.95,100.0,96,0.55
Trinidad y Tobago,2007,21.29,100.0,96,0.45
Trinidad y Tobago,2008,19.97,100.0,96,0.46
Trinidad y Tobago,2009,20.97,99.0,96,0.49
Trinidad y Tobago,2010,21.6,100.0,96,0.38
Trinidad y Tobago,2011,21.57,100.0,96,0.38
Trinidad y Tobago,2012,20.9,100.0,96,0.37
Trinidad y Tobago,2013,20.32,100.0,96,0.36
Trinidad y Tobago,2014,20.98,100.0,96,0.35
Trinidad y Tobago,2015,19.93,100.0,96,0.37
Trinidad y Tobago,2016,18.48,100.0,96,0.43
Trinidad y Tobago,2017,19.21,100.0,96,0.42
Trinidad y Tobago,2018,19.34,100.0,96,0.45
Trinidad y Tobago,2019,19.9,100.0,96,0.43
Uruguay,2000,2.7,97.67686,96,38.73
Uruguay,2001,2.47,97.78539,96,41.63
Uruguay,2002,2.48,97.88633,96,43.25
Uruguay,2003,2.48,97.98204,96,43.83
Uruguay,2004,2.69,98.07486,96,39.31
Uruguay,2005,2.6,98.16714,96,41.32
Uruguay,2006,2.7,98.50543,96,37.6
Uruguay,2007,2.53,98.69264,96,43.2
Uruguay,2008,3.05,98.78436,96,44.09
Uruguay,2009,2.89,99.1,96,44.64
Uruguay,2010,2.63,99.3,96,53.29
Uruguay,2011,2.71,99.17,96,49.67
Uruguay,2012,2.79,99.6,96,47.85
Uruguay,2013,2.62,99.61181,96,51.87
Uruguay,2014,2.58,99.65709,96,56.7
Uruguay,2015,2.75,99.70948,96,59.4
Uruguay,2016,2.82,99.7,96,60.32
Uruguay,2017,2.71,99.8,96,60.82
Uruguay,2018,2.79,99.8,96,60.86
Uruguay,2019,2.77,99.9,96,60.76
Antigua y Barbuda,2000,3.13,97.68926,96,0.0
Antigua y Barbuda,2001,3.31,97.78526,96,0.0
Antigua y Barbuda,2002,3.59,100.0,96,0.0
Antigua y Barbuda,2003,3.63,97.95683,96,0.0
Antigua y Barbuda,2004,3.57,98.0371,96,0.0
Antigua y Barbuda,2005,3.4,92.2,96,0.0
Antigua y Barbuda,2006,3.12,100.0,96,0.0
Antigua y Barbuda,2007,3.02,100.0,96,0.0
Antigua y Barbuda,2008,3.08,100.0,96,0.0
Antigua y Barbuda,2009,3.7,98.48128,96,0.0
Antigua y Barbuda,2010,4.05,98.59724,96,0.0
Antigua y Barbuda,2011,4.08,94.55201,96,0.08
Antigua y Barbuda,2012,4.08,100.0,96,0.15
Antigua y Barbuda,2013,4.13,100.0,96,0.15
Antigua y Barbuda,2014,4.01,100.0,96,0.14
Antigua y Barbuda,2015,3.98,100.0,96,0.48
Antigua y Barbuda,2016,3.85,100.0,96,0.6
Antigua y Barbuda,2017,3.73,100.0,96,0.6
Antigua y Barbuda,2018,3.57,100.0,96,0.9
Antigua y Barbuda,2019,3.45,100.0,96,0.91
Bahamas,2000,2.33,100.0,96,0.0
Bahamas,2001,2.19,100.0,96,0.42
Bahamas,2002,2.23,100.0,96,0.38
Bahamas,2003,2.32,100.0,96,1.54
Bahamas,2004,2.27,100.0,96,1.59
Bahamas,2005,2.1,100.0,96,1.71
Bahamas,2006,2.0,100.0,96,2.01
Bahamas,2007,2.0,100.0,96,3.54
Bahamas,2008,2.08,100.0,96,1.97
Bahamas,2009,2.23,100.0,96,1.83
Bahamas,2010,2.14,100.0,96,1.65
Bahamas,2011,2.35,100.0,96,1.42
Bahamas,2012,2.5,100.0,96,1.18
Bahamas,2013,2.98,100.0,96,0.96
Bahamas,2014,2.65,100.0,96,1.14
Bahamas,2015,2.33,100.0,96,1.54
Bahamas,2016,2.12,100.0,96,1.53
Bahamas,2017,2.18,100.0,96,1.44
Bahamas,2018,2.72,100.0,96,1.02
Bahamas,2019,2.53,100.0,96,1.14
Barbados,2000,3.83,100.0,96,14.32
Barbados,2001,4.01,100.0,96,12.56
Barbados,2002,3.91,100.0,96,11.3
Barbados,2003,3.92,100.0,96,9.95
Barbados,2004,3.97,99.99674,96,9.93
Barbados,2005,3.97,99.98045,96,9.91
Barbados,2006,3.84,100.0,96,9.9
Barbados,2007,3.81,100.0,96,9.71
Barbados,2008,4.52,100.0,96,8.63
Barbados,2009,4.81,100.0,96,9.4
Barbados,2010,4.57,100.0,96,9.08
Barbados,2011,4.61,100.0,96,4.66
Barbados,2012,4.53,100.0,96,4.21
Barbados,2013,4.51,100.0,96,3.51
Barbados,2014,3.98,100.0,96,3.44
Barbados,2015,3.87,100.0,96,3.16
Barbados,2016,3.86,100.0,96,3.49
Barbados,2017,3.55,100.0,96,5.13
Barbados,2018,3.87,100.0,96,5.79
Barbados,2019,3.54,100.0,96,4.31
Belice,2000,6.7,79.0,80,34.55
Belice,2001,6.75,80.19696,81,29.61
Belice,2002,6.33,81.02942,82,31.19
Belice,2003,5.66,81.85664,82,30.18
Belice,2004,5.39,82.68098,83,32.02
Belice,2005,5.21,83.50478,83,31.01
Belice,2006,5.45,90.98853,83,36.8
Belice,2007,5.4,85.16064,83,32.31
Belice,2008,4.9,85.99806,84,34.06
Belice,2009,5.32,86.84543,83,29.18
Belice,2010,5.44,89.91722,84,32.93
Belice,2011,6.31,91.68174,83,44.36
Belice,2012,5.45,90.99592,83,50.07
Belice,2013,5.03,91.1861,83,40.99
Belice,2014,4.9,91.36426,83,37.47
Belice,2015,5.84,91.8,83,30.34
Belice,2016,5.75,93.22231,83,33.38
Belice,2017,5.92,94.18901,83,36.25
Belice,2018,5.69,91.72,82,34.64
Belice,2019,6.12,92.72,82,29.09
Dominica,2000,2.46,80.95181,81,11.06
Dominica,2001,2.63,82.27921,82,9.41
Dominica,2002,2.54,87.7,83,13.6
Dominica,2003,2.67,84.91362,84,10.56
Dominica,2004,3.06,86.22531,84,11.56
Dominica,2005,3.02,87.53648,85,10.8
Dominica,2006,2.88,88.84951,86,9.88
Dominica,2007,3.39,90.16706,86,8.68
Dominica,2008,2.82,90.9,87,8.45
Dominica,2009,2.83,92.82657,87,9.23
Dominica,2010,2.99,94.17394,88,10.28
Dominica,2011,2.77,95.53667,88,13.8
Dominica,2012,2.99,96.91748,88,11.33
Dominica,2013,3.07,98.31811,89,11.57
Dominica,2014,3.05,99.73655,89,9.97
Dominica,2015,3.12,99.82902,89,8.8
Dominica,2016,3.12,99.98354,89,10.88
Dominica,2017,3.02,100.0,89,9.84
Dominica,2018,2.94,100.0,89,8.3
Dominica,2019,2.97,100.0,89,8.05
Guyana,2000,5.78,74.51728,36,29.75
Guyana,2001,5.69,75.10074,38,30.41
Guyana,2002,5.78,75.67661,40,33.73
Guyana,2003,6.06,76.24725,42,34.1
Guyana,2004,6.25,76.81501,45,35.05
Guyana,2005,5.36,77.5,48,34.13
Guyana,2006,4.88,73.38259,50,36.28
Guyana,2007,5.1,78.52493,53,32.63
Guyana,2008,4.78,79.10577,56,32.03
Guyana,2009,4.97,77.6,58,31.09
Guyana,2010,4.69,83.09163,61,30.29
Guyana,2011,4.8,84.08454,64,32.57
Guyana,2012,4.36,85.06648,66,28.41
Guyana,2013,3.99,86.02649,69,26.27
Guyana,2014,4.01,86.9,71,24.02
Guyana,2015,4.0,88.00384,73,24.95
Guyana,2016,4.14,89.17036,75,21.41
Guyana,2017,3.95,90.29581,76,22.18
Guyana,2018,3.86,91.19838,78,16.81
Guyana,2019,3.98,91.91576,80,11.35
San Cristóbal y Nieves,2000,3.09,95.28154,96,26.64
San Cristóbal y Nieves,2001,3.02,93.53,96,26.28
San Cristóbal y Nieves,2002,3.23,95.80318,96,24.59
San Cristóbal y Nieves,2003,3.44,96.05499,96,26.62
San Cristóbal y Nieves,2004,3.49,96.30389,96,22.22
San Cristóbal y Nieves,2005,2.98,96.55227,96,25.58
San Cristóbal y Nieves,2006,2.54,96.80252,96,0.01
San Cristóbal y Nieves,2007,2.67,97.05729,96,0.01
San Cristóbal y Nieves,2008,2.51,97.31929,96,0.01
San Cristóbal y Nieves,2009,2.68,97.59122,96,0.01
San Cristóbal y Nieves,2010,2.73,99.84339,96,0.97
San Cristóbal y Nieves,2011,2.77,100.0,96,0.92
San Cristóbal y Nieves,2012,2.78,100.0,96,1.31
San Cristóbal y Nieves,2013,2.64,100.0,96,1.38
San Cristóbal y Nieves,2014,2.53,100.0,96,1.63
San Cristóbal y Nieves,2015,2.56,100.0,96,1.63
San Cristóbal y Nieves,2016,2.56,100.0,96,1.68
San Cristóbal y Nieves,2017,2.63,100.0,96,1.6
San Cristóbal y Nieves,2018,2.59,100.0,96,1.6
San Cristóbal y Nieves,2019,2.58,100.0,96,1.58
Santa Lucía,2000,3.06,89.38744,86,24.05
Santa Lucía,2001,3.28,89.9,88,22.23
Santa Lucía,2002,3.22,90.35829,89,21.73
Santa Lucía,2003,3.22,90.83469,90,20.02
Santa Lucía,2004,3.11,91.30821,91,18.43
Santa Lucía,2005,3.07,91.78119,92,18.44
Santa Lucía,2006,3.0,92.25604,93,16.94
Santa Lucía,2007,2.97,92.73542,94,16.26
Santa Lucía,2008,2.84,93.22202,94,15.53
Santa Lucía,2009,2.9,93.71857,95,15.08
Santa Lucía,2010,3.18,94.2,96,13.22
Santa Lucía,2011,2.99,94.75252,96,12.93
Santa Lucía,2012,3.0,95.34342,96,12.39
Santa Lucía,2013,3.09,95.85738,96,12.1
Santa Lucía,2014,3.03,96.43764,96,11.72
Santa Lucía,2015,3.03,97.03274,96,11.52
Santa Lucía,2016,2.93,97.63971,96,11.17
Santa Lucía,2017,2.95,98.27981,95,10.22
Santa Lucía,2018,2.86,98.8774,95,10.22
Santa Lucía,2019,2.84,99.50218,94,9.75
Venezuela,2000,-1.0,98.9,96,15.29
Venezuela,2001,-1.0,99.9,96,14.03
Venezuela,2002,-1.0,99.8,96,12.84
Venezuela,2003,-1.0,95.7,96,13.41
Venezuela,2004,-1.0,99.1,96,14.64
Venezuela,2005,-1.0,98.85616,96,14.23
Venezuela,2006,-1.0,99.3,96,15.6
Venezuela,2007,-1.0,98.88818,96,16.64
Venezuela,2008,-1.0,98.91367,96,16.35
Venezuela,2009,-1.0,98.9491,96,16.21
Venezuela,2010,-1.0,99.05495,96,13.79
Venezuela,2011,-1.0,98.84,96,14.76
Venezuela,2012,-1.0,99.20808,96,13.71
Venezuela,2013,-1.0,99.25722,96,15.29
Venezuela,2014,-1.0,100.0,96,12.01
Venezuela,2015,-1.0,100.0,96,15.33
Venezuela,2016,-1.0,99.4,96,14.51
Venezuela,2017,-1.0,99.2,96,14.31
Venezuela,2018,-1.0,99.9112,96,14.57
Venezuela,2019,-1.0,99.97681,96,15.62