Anio,Pais,Emisiones_de_CO2
1988,Cuba,34.53880162
1989,Cuba,35.52797627
1990,Cuba,35.625388774
1991,Cuba,35.562073543
1992,Cuba,32.389277113
1993,Cuba,29.25668561
1994,Cuba,28.168230551
1995,Cuba,29.196105042
1996,Cuba,31.207549721
1997,Cuba,30.194188938
1998,Cuba,33.588388758
1999,Cuba,32.910194714
2000,Cuba,33.108387109
2001,Cuba,32.295198036
2002,Cuba,32.68766906
2003,Cuba,33.799902475
2004,Cuba,32.825485415
2005,Cuba,32.827538445
2006,Cuba,28.86738089
2007,Cuba,24.827564418
2008,Cuba,19.084673907
2009,Cuba,29.219507182
2010,Cuba,29.22173837
2011,Cuba,28.057056726
2012,Cuba,25.041649313
2013,Cuba,28.369444739
2014,Cuba,27.117107824
2015,Cuba,27.815524427
2016,Cuba,30.158298974
2017,Cuba,23.149599654
2018,Cuba,20.961049262
2019,Cuba,22.496372604
1981,Cuba,29.94460527
1982,Cuba,30.503858076
1983,Cuba,33.553452188
1984,Cuba,30.434603795
1985,Cuba,31.473309626
1986,Cuba,31.550104468
1987,Cuba,34.525142414
1980,Cuba,-1.0
1981,Chile,21.608615918
1982,Chile,20.777298692
1983,Chile,16.687740254
1984,Chile,17.954715371
1985,Chile,20.323000596
1986,Chile,19.4178375
1987,Chile,19.403419549
1988,Chile,19.939354349
1989,Chile,23.530224019
1990,Chile,28.623170396
1991,Chile,30.368899694
1992,Chile,28.879754552
1993,Chile,30.03139498
1994,Chile,32.739001079
1995,Chile,35.879767705
1996,Chile,39.092920312
1997,Chile,43.880968586
1998,Chile,50.638338583
1999,Chile,51.488744946
2000,Chile,55.77806557
2001,Chile,52.299004537
2002,Chile,51.555660643
2003,Chile,53.722797528
2004,Chile,55.994072484
2005,Chile,61.16096146
2006,Chile,63.504145094
2007,Chile,64.697668961
2008,Chile,70.007309667
2009,Chile,72.079364098
2010,Chile,68.293804461
2011,Chile,71.868038089
2012,Chile,76.495521228
2013,Chile,77.6102117
2014,Chile,81.676454475
2015,Chile,76.416465602
2016,Chile,80.338871458
2017,Chile,85.140815867
2018,Chile,86.722943017
2019,Chile,86.874650457
1980,Chile,-1.0
2002,Belice,0.9
2003,Belice,0.8
2004,Belice,0.8
2005,Belice,0.9
2008,Belice,1.073313812
2012,Belice,0.423049876
2013,Belice,0.476432412
2014,Belice,0.516362349
2015,Belice,0.505700203
2016,Belice,0.597846
2017,Belice,0.591488
2018,Belice,0.676589459
2019,Belice,0.577712955
1981,Belice,0.2255
2010,Belice,0.5
2011,Belice,0.5
2006,Belice,1.0
2007,Belice,1.0
2009,Belice,1.0
1980,Belice,-1.0
1991,Belice,0.3
1992,Belice,0.3
1993,Belice,0.3
1994,Belice,0.3
1995,Belice,0.3
1996,Belice,0.3
1997,Belice,0.3
1987,Belice,0.3
2001,Belice,0.7
1988,Belice,0.2
1989,Belice,0.2
1990,Belice,0.2
1982,Belice,0.2
1983,Belice,0.2
1984,Belice,0.2
1985,Belice,0.2
1986,Belice,0.2
1998,Belice,0.4
1999,Belice,0.4
2000,Belice,0.4
1981,Brasil,187.731100826
1982,Brasil,178.096623767
1983,Brasil,174.065355486
1984,Brasil,166.134085081
1985,Brasil,181.00356415
1986,Brasil,194.906575648
1987,Brasil,215.790895603
1988,Brasil,222.947276004
1989,Brasil,223.394276154
1990,Brasil,231.995595162
1991,Brasil,243.069804424
1992,Brasil,251.544042026
1993,Brasil,243.906254218
1994,Brasil,265.128557628
1995,Brasil,279.392176316
1996,Brasil,299.819187827
1997,Brasil,316.633890261
1998,Brasil,333.150113347
1999,Brasil,329.492351347
2000,Brasil,341.813329688
2001,Brasil,326.632456149
2002,Brasil,331.635044954
2003,Brasil,328.257054614
2004,Brasil,322.710828384
2005,Brasil,337.988532755
2006,Brasil,342.001465182
2007,Brasil,349.282669137
2008,Brasil,362.983462641
2009,Brasil,383.629281149
2010,Brasil,355.535677219
2011,Brasil,409.648966863
2012,Brasil,431.174655173
2013,Brasil,462.028577038
2014,Brasil,491.320111606
2015,Brasil,509.822374377
2016,Brasil,500.437378452
2017,Brasil,466.802668561
2018,Brasil,475.528895334
2019,Brasil,453.443272227
1980,Brasil,-1.0
1988,Guyana,1.1
1989,Guyana,1.1
1992,Guyana,0.8
1993,Guyana,0.9
1998,Guyana,1.1
1999,Guyana,1.4
2008,Guyana,1.519155927
2012,Guyana,1.841371515
2013,Guyana,2.080137006
2014,Guyana,2.028611814
2015,Guyana,2.028761361
2016,Guyana,2.099613
2017,Guyana,2.361872
2018,Guyana,2.281382873
2019,Guyana,2.321942783
1981,Guyana,1.42148
1983,Guyana,1.3
1985,Guyana,1.3
1986,Guyana,1.4
1987,Guyana,1.4
1996,Guyana,1.0
1997,Guyana,1.0
1980,Guyana,-1.0
2000,Guyana,1.5
2005,Guyana,1.5
2009,Guyana,1.5
1994,Guyana,1.2
1995,Guyana,1.2
1984,Guyana,1.2
2001,Guyana,1.7
2002,Guyana,1.7
2004,Guyana,1.7
2006,Guyana,1.7
1990,Guyana,0.7
1991,Guyana,0.7
2007,Guyana,1.6
2010,Guyana,1.6
2011,Guyana,1.6
1982,Guyana,1.6
2003,Guyana,1.8
1988,Bolivia,3.442793333
1989,Bolivia,3.908076667
1990,Bolivia,4.579473333
1991,Bolivia,4.8917
1992,Bolivia,4.779473333
1993,Bolivia,5.197813333
1994,Bolivia,4.992891168
1995,Bolivia,5.755007116
1996,Bolivia,6.787921242
1997,Bolivia,6.455985558
1998,Bolivia,7.123834197
1999,Bolivia,6.703551915
2000,Bolivia,8.0622599
2001,Bolivia,8.767200111
2002,Bolivia,7.705578224
2003,Bolivia,8.897322846
2004,Bolivia,11.186008921
2005,Bolivia,11.39020046
2006,Bolivia,11.231409602
2007,Bolivia,12.499241282
2008,Bolivia,11.087513081
2009,Bolivia,13.721463632
2010,Bolivia,12.741271491
2011,Bolivia,13.325875656
2012,Bolivia,13.247764437
2013,Bolivia,15.484720188
2014,Bolivia,15.806032418
2015,Bolivia,16.1814403
2016,Bolivia,15.937316567
2017,Bolivia,17.25413277
2018,Bolivia,18.092137786
2019,Bolivia,18.335565837
1981,Bolivia,4.13884618
1982,Bolivia,4.63953927
1983,Bolivia,4.03668
1984,Bolivia,4.09585
1985,Bolivia,4.042793333
1986,Bolivia,3.583623333
1987,Bolivia,3.642793333
1980,Bolivia,-1.0
1981,Canadá,422.549444322
1982,Canadá,398.856597679
1983,Canadá,386.261549661
1984,Canadá,375.03566673
1985,Canadá,409.948811646
1986,Canadá,410.46073643
1987,Canadá,404.424378371
1988,Canadá,422.689216772
1989,Canadá,455.940316746
1990,Canadá,467.660751011
1991,Canadá,432.769371574
1992,Canadá,425.954809792
1993,Canadá,448.628647902
1994,Canadá,447.593296858
1995,Canadá,460.939704003
1996,Canadá,468.107544816
1997,Canadá,479.172343541
1998,Canadá,492.264723421
1999,Canadá,488.875614161
2000,Canadá,508.913614317
2001,Canadá,511.886988989
2002,Canadá,524.378312115
2003,Canadá,536.97267353
2004,Canadá,565.040972151
2005,Canadá,571.37491098
2006,Canadá,573.270938449
2007,Canadá,575.64254776
2008,Canadá,574.754088323
2009,Canadá,556.831459616
2010,Canadá,541.451146808
2011,Canadá,570.776514402
2012,Canadá,575.290339771
2013,Canadá,578.023760247
2014,Canadá,587.992244772
2015,Canadá,589.561745673
2016,Canadá,591.027612427
2017,Canadá,579.44204222
2018,Canadá,601.402386621
2019,Canadá,613.089866972
1980,Canadá,-1.0
1988,Ecuador,13.131049967
1989,Ecuador,13.193126267
1990,Ecuador,12.193126267
1991,Ecuador,14.275894667
1992,Ecuador,14.222520456
1993,Ecuador,17.243580504
1994,Ecuador,15.243477043
1995,Ecuador,17.243477043
1996,Ecuador,17.292448347
1997,Ecuador,18.292296605
1998,Ecuador,18.243580504
1999,Ecuador,19.243580504
2000,Ecuador,18.246097522
2001,Ecuador,18.34393227
2002,Ecuador,19.39305512
2003,Ecuador,20.246516023
2004,Ecuador,20.369773209
2005,Ecuador,21.419323516
2006,Ecuador,22.641973635
2007,Ecuador,24.709095402
2008,Ecuador,24.076909232
2009,Ecuador,25.558637787
2010,Ecuador,28.639110565
2011,Ecuador,36.210170709
2012,Ecuador,35.736519347
2013,Ecuador,37.056250198
2014,Ecuador,38.459557542
2015,Ecuador,42.108566617
2016,Ecuador,38.799506427
2017,Ecuador,36.846046091
2018,Ecuador,34.741365749
2019,Ecuador,37.349371309
1981,Ecuador,12.016231
1982,Ecuador,12.137947333
1983,Ecuador,14.137947333
1984,Ecuador,12.206921
1985,Ecuador,12.275894667
1986,Ecuador,12.275894667
1987,Ecuador,13.206921
1980,Ecuador,-1.0
1988,Jamaica,5.2
1989,Jamaica,6.1
1990,Jamaica,7.041440326
1991,Jamaica,7.531337445
1992,Jamaica,7.828811725
1993,Jamaica,8.566697527
1994,Jamaica,8.638914606
1995,Jamaica,8.833863165
1996,Jamaica,9.938914606
1997,Jamaica,10.061646087
1998,Jamaica,10.169223247
1999,Jamaica,11.179326127
2000,Jamaica,11.181851847
2001,Jamaica,11.157857506
2002,Jamaica,11.133863165
2003,Jamaica,11.222263369
2004,Jamaica,11.214686209
2005,Jamaica,11.166697527
2006,Jamaica,11.149017486
2007,Jamaica,13.080823043
2008,Jamaica,13.290925924
2009,Jamaica,12.121234565
2010,Jamaica,9.328811725
2011,Jamaica,8.116183125
2012,Jamaica,8.534185784
2013,Jamaica,7.989962436
2014,Jamaica,8.810052361
2015,Jamaica,8.637067431
2016,Jamaica,8.539995644
2017,Jamaica,8.912641454
2018,Jamaica,7.747071984
2019,Jamaica,8.071670366
1981,Jamaica,7.7863
1982,Jamaica,6.7
1983,Jamaica,5.7
1984,Jamaica,6.0
1985,Jamaica,5.0
1986,Jamaica,4.5
1987,Jamaica,4.9
1980,Jamaica,-1.0
1981,México,197.684967359
1982,México,207.174404903
1983,México,208.190283877
1984,México,207.242513322
1985,México,244.437538586
1986,México,256.242580686
1987,México,255.969450487
1988,México,265.179124216
1989,México,264.933915824
1990,México,280.350300145
1991,México,273.932352164
1992,México,292.840432254
1993,México,295.450093473
1994,México,310.448105314
1995,México,338.480217282
1996,México,320.840693538
1997,México,330.382519844
1998,México,345.493782813
1999,México,371.58924943
2000,México,364.302191981
2001,México,382.617491068
2002,México,384.93383811
2003,México,389.419359794
2004,México,406.170841121
2005,México,412.972647725
2006,México,428.883340555
2007,México,444.975470938
2008,México,454.440333464
2009,México,451.098996546
2010,México,451.366099216
2011,México,448.709210635
2012,México,464.009976022
2013,México,465.375717837
2014,México,469.139643463
2015,México,452.339353307
2016,México,465.320401255
2017,México,474.74942103
2018,México,472.354715405
2019,México,456.148338455
1980,México,-1.0
1988,Panamá,12.0
1989,Panamá,11.038431678
1990,Panamá,11.036030926
1991,Panamá,12.076866346
1992,Panamá,12.108093206
1993,Panamá,12.100885397
1994,Panamá,12.127312035
1995,Panamá,13.129712787
1996,Panamá,14.086475333
1997,Panamá,12.041512074
1998,Panamá,13.049301762
1999,Panamá,14.069663458
2000,Panamá,13.090816349
2001,Panamá,13.111954771
2002,Panamá,13.058398007
2003,Panamá,13.02182957
2004,Panamá,13.03557884
2005,Panamá,14.02633974
2006,Panamá,14.017100639
2007,Panamá,14.012208956
2008,Panamá,14.008943835
2009,Panamá,15.089743119
2010,Panamá,16.117426654
2011,Panamá,19.13350749
2012,Panamá,20.641222589
2013,Panamá,22.254963207
2014,Panamá,21.896275494
2015,Panamá,22.365397062
2016,Panamá,23.052440017
2017,Panamá,24.554451595
2018,Panamá,26.670110313
2019,Panamá,26.79318633
1981,Panamá,5.39004
1982,Panamá,5.2
1983,Panamá,4.7
1984,Panamá,5.0
1985,Panamá,4.9
1986,Panamá,3.5
1987,Panamá,11.0
1980,Panamá,-1.0
1989,Surinam,1.1
1993,Surinam,1.4
2008,Surinam,2.030626983
2010,Surinam,2.1
2011,Surinam,2.7
2012,Surinam,2.056473316
2013,Surinam,2.458005569
2014,Surinam,2.26434235
2015,Surinam,2.359134371
2016,Surinam,2.220087
2017,Surinam,2.049781
2018,Surinam,2.308820001
2019,Surinam,2.314032735
1981,Surinam,2.08924
1987,Surinam,1.3
2006,Surinam,2.0
2007,Surinam,2.0
2009,Surinam,2.0
1985,Surinam,1.0
1980,Surinam,-1.0
1991,Surinam,1.5
1992,Surinam,1.5
1994,Surinam,1.5
1995,Surinam,1.5
1996,Surinam,1.5
1997,Surinam,1.5
1998,Surinam,1.5
1999,Surinam,1.5
2000,Surinam,1.5
1988,Surinam,1.2
1990,Surinam,1.2
1984,Surinam,1.2
1986,Surinam,1.2
2002,Surinam,1.7
2005,Surinam,1.9
2001,Surinam,1.6
1983,Surinam,1.6
2003,Surinam,1.8
2004,Surinam,1.8
1982,Surinam,1.8
1988,Uruguay,4.0
1989,Uruguay,4.7
1990,Uruguay,4.9
1991,Uruguay,4.5
1992,Uruguay,4.2
1993,Uruguay,4.5
1994,Uruguay,4.9
1995,Uruguay,4.6
1996,Uruguay,4.7
1997,Uruguay,4.9
1998,Uruguay,5.2
1999,Uruguay,6.4
2000,Uruguay,7.239235198
2001,Uruguay,6.478470396
2002,Uruguay,4.980301899
2003,Uruguay,5.342463531
2004,Uruguay,5.521395551
2005,Uruguay,6.039373807
2006,Uruguay,6.281632794
2007,Uruguay,7.340428368
2008,Uruguay,6.508653095
2009,Uruguay,8.040470671
2010,Uruguay,9.082078429
2011,Uruguay,8.158376624
2012,Uruguay,9.162558411
2013,Uruguay,9.813243621
2014,Uruguay,8.494611416
2015,Uruguay,7.500800101
2016,Uruguay,8.072587193
2017,Uruguay,7.914768354
2018,Uruguay,6.936088697
2019,Uruguay,7.311541742
1981,Uruguay,5.757630463
1982,Uruguay,5.204365232
1983,Uruguay,4.902182616
1984,Uruguay,3.9
1985,Uruguay,3.7
1986,Uruguay,3.4
1987,Uruguay,3.4
1980,Uruguay,-1.0
1988,Barbados,1.222220132
1989,Barbados,1.149995297
1990,Barbados,1.25555033
1991,Barbados,1.266699837
1992,Barbados,1.364738077
1993,Barbados,1.394164475
1994,Barbados,1.392202715
1995,Barbados,1.290240956
1996,Barbados,1.392202715
1997,Barbados,1.088279196
1998,Barbados,1.484355676
1999,Barbados,1.472585116
2000,Barbados,1.592202715
2001,Barbados,1.674374634
2002,Barbados,1.662776317
2003,Barbados,1.656891037
2004,Barbados,1.656891037
2005,Barbados,1.158852797
2006,Barbados,1.551695148
2007,Barbados,1.45270089
2008,Barbados,1.409851156
2009,Barbados,1.43339064
2010,Barbados,1.532032888
2011,Barbados,1.431680878
2012,Barbados,1.926933182
2013,Barbados,1.810688761
2014,Barbados,1.852327062
2015,Barbados,1.609840058
2016,Barbados,1.711547679
2017,Barbados,1.73882031
2018,Barbados,1.593928257
2019,Barbados,1.702104465
1981,Barbados,0.970850132
1982,Barbados,1.022220132
1983,Barbados,1.022220132
1984,Barbados,1.122220132
1985,Barbados,1.022220132
1986,Barbados,1.122220132
1987,Barbados,1.322220132
1980,Barbados,-1.0
1988,Colombia,41.741466211
1989,Colombia,43.302720807
1990,Colombia,45.545017981
1991,Colombia,45.64321413
1992,Colombia,45.627835323
1993,Colombia,49.94907226
1994,Colombia,51.46905755
1995,Colombia,51.650999973
1996,Colombia,49.859156542
1997,Colombia,50.028284209
1998,Colombia,54.919082526
1999,Colombia,54.493185478
2000,Colombia,49.087333481
2001,Colombia,49.326557993
2002,Colombia,49.305265071
2003,Colombia,48.644347855
2004,Colombia,47.68506091
2005,Colombia,47.774658007
2006,Colombia,47.331514297
2007,Colombia,49.335075092
2008,Colombia,48.877657404
2009,Colombia,46.742661536
2010,Colombia,51.367881395
2011,Colombia,50.91967204
2012,Colombia,58.775110568
2013,Colombia,63.822093945
2014,Colombia,68.159642685
2015,Colombia,75.735832204
2016,Colombia,75.285248861
2017,Colombia,78.012255536
2018,Colombia,70.05042621
2019,Colombia,75.94596771
1981,Colombia,35.776157788
1982,Colombia,36.664233466
1983,Colombia,36.996154552
1984,Colombia,37.508295222
1985,Colombia,40.673898405
1986,Colombia,41.335262269
1987,Colombia,41.786472429
1980,Colombia,-1.0
1988,Dominica,0.04337
1989,Dominica,0.05548
1990,Dominica,0.05862
1991,Dominica,0.05852
1992,Dominica,0.05845
1993,Dominica,0.05909
1994,Dominica,0.06224
1995,Dominica,0.07183
1996,Dominica,0.08101
1997,Dominica,0.08119
1998,Dominica,0.08116
1999,Dominica,0.0843
2000,Dominica,0.0843
2001,Dominica,0.07958
2006,Dominica,0.0924
2008,Dominica,0.121246436
2012,Dominica,0.170095617
2013,Dominica,0.169940463
2014,Dominica,0.161291994
2015,Dominica,0.171749852
2016,Dominica,0.18743
2017,Dominica,0.18855
2018,Dominica,0.177435879
2019,Dominica,0.185983702
1981,Dominica,0.02679
1982,Dominica,0.03498
1983,Dominica,0.03502
1984,Dominica,0.03498
1985,Dominica,0.03501
1986,Dominica,0.03991
1987,Dominica,0.04022
1980,Dominica,-1.0
2002,Dominica,0.1
2003,Dominica,0.1
2004,Dominica,0.1
2005,Dominica,0.1
2007,Dominica,0.1
2009,Dominica,0.1
2010,Dominica,0.1
2011,Dominica,0.1
1990,Honduras,2.4
1991,Honduras,2.7
1992,Honduras,2.701748706
1993,Honduras,2.701471668
1994,Honduras,2.70235723
1995,Honduras,3.002171336
1996,Honduras,3.502101996
1997,Honduras,3.901707881
1998,Honduras,3.801451851
1999,Honduras,4.401702564
2000,Honduras,4.602306482
2001,Honduras,4.30069054
2002,Honduras,5.000130689
2003,Honduras,5.601700855
2004,Honduras,5.601127262
2005,Honduras,6.601806139
2006,Honduras,6.802419937
2007,Honduras,7.103156316
2008,Honduras,7.982011697
2009,Honduras,7.502093293
2010,Honduras,6.801607093
2011,Honduras,7.101902568
2012,Honduras,7.318436899
2013,Honduras,7.919687359
2014,Honduras,8.00179408
2015,Honduras,8.652434922
2016,Honduras,9.323582375
2017,Honduras,8.780763575
2018,Honduras,8.765265695
2019,Honduras,10.050869894
1981,Honduras,1.69779
1989,Honduras,2.0
1980,Honduras,-1.0
1982,Honduras,1.5
1983,Honduras,1.5
1988,Honduras,1.7
1985,Honduras,1.7
1987,Honduras,1.7
1984,Honduras,1.6
1986,Honduras,1.6
1990,Paraguay,2.3
1991,Paraguay,2.2
1993,Paraguay,2.3
1994,Paraguay,2.5
1995,Paraguay,2.9
1996,Paraguay,3.3
1997,Paraguay,2.7
1998,Paraguay,3.0
1999,Paraguay,3.4
2000,Paraguay,3.8
2002,Paraguay,3.5
2004,Paraguay,3.7
2005,Paraguay,3.8
2006,Paraguay,3.700419341
2007,Paraguay,3.700061157
2008,Paraguay,3.752651172
2009,Paraguay,3.800252837
2010,Paraguay,4.100003081
2011,Paraguay,4.500099378
2012,Paraguay,4.854154389
2013,Paraguay,5.175485748
2014,Paraguay,5.070818482
2015,Paraguay,5.328025571
2016,Paraguay,6.592852194
2017,Paraguay,7.657524903
2018,Paraguay,7.957430309
2019,Paraguay,8.338166715
1981,Paraguay,1.386
1982,Paraguay,1.3
1984,Paraguay,1.3
1985,Paraguay,1.4
1992,Paraguay,2.0
1980,Paraguay,-1.0
1986,Paraguay,1.5
1987,Paraguay,1.5
1983,Paraguay,1.2
1989,Paraguay,1.7
1988,Paraguay,1.9
2001,Paraguay,3.6
2003,Paraguay,3.6
1981,Argentina,93.02991395
1982,Argentina,90.736786366
1983,Argentina,93.950122066
1984,Argentina,94.251595681
1985,Argentina,98.3154848
1986,Argentina,92.07706013
1987,Argentina,104.423396088
1988,Argentina,105.510430365
1989,Argentina,108.456624636
1990,Argentina,107.366089785
1991,Argentina,99.378868848
1992,Argentina,104.194766287
1993,Argentina,105.550799495
1994,Argentina,115.861464739
1995,Argentina,112.113003975
1996,Argentina,115.12491699
1997,Argentina,123.061078645
1998,Argentina,125.789623885
1999,Argentina,133.648446173
2000,Argentina,139.373299261
2001,Argentina,137.719422129
2002,Argentina,127.29822538
2003,Argentina,119.221962694
2004,Argentina,133.003494925
2005,Argentina,140.36175665
2006,Argentina,151.993641709
2007,Argentina,156.319849034
2008,Argentina,157.872228733
2009,Argentina,169.176780166
2010,Argentina,168.427120196
2011,Argentina,186.427005161
2012,Argentina,190.293575528
2013,Argentina,195.564808595
2014,Argentina,196.689236739
2015,Argentina,197.325871069
2016,Argentina,214.14898796
2017,Argentina,214.123012963
2018,Argentina,195.140106755
2019,Argentina,191.358658271
1980,Argentina,-1.0
1988,Guatemala,3.2
1989,Guatemala,3.5
1991,Guatemala,3.8
1993,Guatemala,4.4
1994,Guatemala,4.8
1995,Guatemala,5.4
1996,Guatemala,6.1
1997,Guatemala,6.3
1998,Guatemala,7.0
1999,Guatemala,8.664932537
2000,Guatemala,9.053974281
2001,Guatemala,9.116769656
2002,Guatemala,10.130340207
2003,Guatemala,10.220418465
2004,Guatemala,10.264960244
2005,Guatemala,10.797982942
2006,Guatemala,10.962042899
2007,Guatemala,11.011491916
2008,Guatemala,11.473275403
2009,Guatemala,10.965911546
2010,Guatemala,11.71404284
2011,Guatemala,10.771896076
2012,Guatemala,11.04204759
2013,Guatemala,11.563156368
2014,Guatemala,12.382497279
2015,Guatemala,13.073134025
2016,Guatemala,15.783469705
2017,Guatemala,17.072559529
2018,Guatemala,18.643463431
2019,Guatemala,19.708437412
1981,Guatemala,4.09952
1983,Guatemala,3.5
1984,Guatemala,3.7
1985,Guatemala,3.2
1987,Guatemala,3.2
1980,Guatemala,-1.0
1990,Guatemala,3.6
1992,Guatemala,3.6
1982,Guatemala,3.6
1986,Guatemala,3.6
1990,Nicaragua,2.1
1993,Nicaragua,2.3
1994,Nicaragua,2.3
1995,Nicaragua,2.5
1996,Nicaragua,2.8
1997,Nicaragua,2.9
1998,Nicaragua,3.0
1999,Nicaragua,3.5
2000,Nicaragua,3.7
2001,Nicaragua,3.7
2002,Nicaragua,3.9
2003,Nicaragua,3.9
2004,Nicaragua,4.0
2005,Nicaragua,4.2
2006,Nicaragua,4.4
2007,Nicaragua,4.5
2008,Nicaragua,4.010307626
2009,Nicaragua,4.3
2010,Nicaragua,4.3
2011,Nicaragua,4.3
2012,Nicaragua,4.701077745
2013,Nicaragua,4.447179692
2014,Nicaragua,4.437450817
2015,Nicaragua,4.642415474
2016,Nicaragua,5.254183
2017,Nicaragua,5.249562
2018,Nicaragua,5.181649
2019,Nicaragua,5.027809
1981,Nicaragua,1.84261
1987,Nicaragua,2.1
1988,Nicaragua,2.1
1989,Nicaragua,2.1
1991,Nicaragua,2.0
1986,Nicaragua,2.0
1980,Nicaragua,-1.0
1985,Nicaragua,1.7
1992,Nicaragua,1.9
1982,Nicaragua,1.9
1983,Nicaragua,1.9
1984,Nicaragua,1.8
1981,Venezuela,89.497709324
1982,Venezuela,97.846679788
1983,Venezuela,98.298687989
1984,Venezuela,93.00388602
1985,Venezuela,92.164409377
1986,Venezuela,93.914972066
1987,Venezuela,99.502339433
1988,Venezuela,98.367994409
1989,Venezuela,96.210895976
1990,Venezuela,102.199478759
1991,Venezuela,102.537749285
1992,Venezuela,104.587294147
1993,Venezuela,104.659830791
1994,Venezuela,106.941333575
1995,Venezuela,112.921776897
1996,Venezuela,117.864721091
1997,Venezuela,120.308310129
1998,Venezuela,122.370133384
1999,Venezuela,129.527653923
2000,Venezuela,121.08094275
2001,Venezuela,125.170102899
2002,Venezuela,142.220115968
2003,Venezuela,137.770528363
2004,Venezuela,127.788778567
2005,Venezuela,135.034954629
2006,Venezuela,131.626708227
2007,Venezuela,143.496808587
2008,Venezuela,126.554786165
2009,Venezuela,139.662634834
2010,Venezuela,135.589171231
2011,Venezuela,142.156846662
2012,Venezuela,137.508847285
2013,Venezuela,156.134440582
2014,Venezuela,144.56582394
2015,Venezuela,148.247173844
2016,Venezuela,146.123679031
2017,Venezuela,143.667236706
2018,Venezuela,140.438683495
2019,Venezuela,131.48505504
1980,Venezuela,-1.0
1988,Costa Rica,2.25831189
1989,Costa Rica,2.675007334
1990,Costa Rica,2.809970872
1991,Costa Rica,2.6910752
1992,Costa Rica,2.837850293
1993,Costa Rica,3.577531496
1994,Costa Rica,3.935262231
1995,Costa Rica,3.99881247
1996,Costa Rica,4.592665809
1997,Costa Rica,4.341123246
1998,Costa Rica,4.46571689
1999,Costa Rica,5.040783086
2000,Costa Rica,5.509769834
2001,Costa Rica,5.39223863
2002,Costa Rica,5.410743689
2003,Costa Rica,5.527630933
2004,Costa Rica,5.782608692
2005,Costa Rica,5.508260661
2006,Costa Rica,6.271136458
2007,Costa Rica,6.657303239
2008,Costa Rica,7.224134156
2009,Costa Rica,7.146471665
2010,Costa Rica,6.744327837
2011,Costa Rica,6.963164541
2012,Costa Rica,7.081357023
2013,Costa Rica,7.032514542
2014,Costa Rica,7.316109902
2015,Costa Rica,7.457260329
2016,Costa Rica,7.143281669
2017,Costa Rica,7.722970236
2018,Costa Rica,7.896010313
2019,Costa Rica,7.923880021
1981,Costa Rica,2.340974967
1982,Costa Rica,2.334578861
1983,Costa Rica,2.188667682
1984,Costa Rica,2.334578861
1985,Costa Rica,2.048353096
1986,Costa Rica,2.188667682
1987,Costa Rica,1.969800914
1980,Costa Rica,-1.0
1988,El Salvador,2.2
1989,El Salvador,2.3
1990,El Salvador,2.2
1991,El Salvador,2.4
1992,El Salvador,2.8
1993,El Salvador,3.2
1994,El Salvador,3.200951219
1995,El Salvador,3.601660938
1996,El Salvador,4.601700101
1997,El Salvador,4.401816025
1998,El Salvador,4.701880016
1999,El Salvador,5.50208359
2000,El Salvador,5.502481469
2001,El Salvador,5.502747176
2002,El Salvador,5.701780641
2003,El Salvador,5.801585356
2004,El Salvador,6.102593671
2005,El Salvador,6.002325113
2006,El Salvador,6.203891502
2007,El Salvador,6.203199521
2008,El Salvador,6.203393617
2009,El Salvador,5.902812237
2010,El Salvador,5.902209599
2011,El Salvador,5.901772573
2012,El Salvador,6.402612648
2013,El Salvador,6.558956165
2014,El Salvador,6.269219854
2015,El Salvador,6.442372513
2016,El Salvador,6.887408021
2017,El Salvador,6.928914066
2018,El Salvador,6.312351521
2019,El Salvador,7.04650887
1981,El Salvador,1.98901
1987,El Salvador,2.2
1980,El Salvador,-1.0
1982,El Salvador,1.7
1986,El Salvador,1.9
1983,El Salvador,1.6
1984,El Salvador,1.8
1985,El Salvador,1.8
2008,Santa Lucía,0.330942744
2012,Santa Lucía,0.439284171
2013,Santa Lucía,0.435905613
2014,Santa Lucía,0.433029467
2015,Santa Lucía,0.43657188
2016,Santa Lucía,0.452804
2017,Santa Lucía,0.45769
2018,Santa Lucía,0.493367638
2019,Santa Lucía,0.451661075
1981,Santa Lucía,0.11181
1982,Santa Lucía,0.08778
1984,Santa Lucía,0.09704
1985,Santa Lucía,0.09722
1980,Santa Lucía,-1.0
2001,Santa Lucía,0.3
2002,Santa Lucía,0.3
1988,Santa Lucía,0.1
1983,Santa Lucía,0.1
1986,Santa Lucía,0.1
1987,Santa Lucía,0.1
1989,Santa Lucía,0.2
1990,Santa Lucía,0.2
1991,Santa Lucía,0.2
1992,Santa Lucía,0.2
1993,Santa Lucía,0.2
1994,Santa Lucía,0.2
1995,Santa Lucía,0.2
1996,Santa Lucía,0.2
1997,Santa Lucía,0.2
1998,Santa Lucía,0.2
1999,Santa Lucía,0.2
2000,Santa Lucía,0.2
2003,Santa Lucía,0.4
2004,Santa Lucía,0.4
2005,Santa Lucía,0.4
2006,Santa Lucía,0.4
2007,Santa Lucía,0.4
2009,Santa Lucía,0.4
2010,Santa Lucía,0.4
2011,Santa Lucía,0.4
1980,Estados Unidos,4946.62713
1981,Estados Unidos,4756.270103
1982,Estados Unidos,4636.631469
1983,Estados Unidos,4404.434841
1984,Estados Unidos,4383.942232
1985,Estados Unidos,4612.856171
1986,Estados Unidos,4605.354533
1987,Estados Unidos,4615.662207
1988,Estados Unidos,4775.551396
1989,Estados Unidos,4998.211912
1990,Estados Unidos,5084.558664
1991,Estados Unidos,5037.896431
1992,Estados Unidos,4992.684743
1993,Estados Unidos,5093.879398
1994,Estados Unidos,5185.520158
1995,Estados Unidos,5262.663333
1996,Estados Unidos,5324.311399
1997,Estados Unidos,5518.030044
1998,Estados Unidos,5589.322021
1999,Estados Unidos,5636.733477
2000,Estados Unidos,5700.252865
2001,Estados Unidos,5888.592478
2002,Estados Unidos,5777.788286
2003,Estados Unidos,5820.025298
2004,Estados Unidos,5886.416623
2005,Estados Unidos,5993.719256
2006,Estados Unidos,6006.994255
2007,Estados Unidos,5929.329204
2008,Estados Unidos,6015.537927
2009,Estados Unidos,5823.12664
2010,Estados Unidos,5403.664819
2011,Estados Unidos,5593.662183
2012,Estados Unidos,5454.696471
2013,Estados Unidos,5236.322549
2014,Estados Unidos,5358.870231
2015,Estados Unidos,5413.878798
2016,Estados Unidos,5262.075715
2017,Estados Unidos,5169.496984
2018,Estados Unidos,5131.08098
2019,Estados Unidos,5277.192754
2005,Antigua y Barbuda,0.6
2006,Antigua y Barbuda,0.6
2008,Antigua y Barbuda,0.690569119
2012,Antigua y Barbuda,0.690076094
2013,Antigua y Barbuda,0.707217069
2014,Antigua y Barbuda,0.705863443
2015,Antigua y Barbuda,0.719317413
2016,Antigua y Barbuda,0.751413
2017,Antigua y Barbuda,0.762758
2018,Antigua y Barbuda,0.7159054
2019,Antigua y Barbuda,0.7348894
1981,Antigua y Barbuda,0.40738
1995,Antigua y Barbuda,0.5
1996,Antigua y Barbuda,0.5
1997,Antigua y Barbuda,0.5
1998,Antigua y Barbuda,0.5
1999,Antigua y Barbuda,0.5
2000,Antigua y Barbuda,0.5
2001,Antigua y Barbuda,0.5
2002,Antigua y Barbuda,0.5
2003,Antigua y Barbuda,0.5
2004,Antigua y Barbuda,0.5
1983,Antigua y Barbuda,0.5
1980,Antigua y Barbuda,-1.0
1984,Antigua y Barbuda,0.3
1985,Antigua y Barbuda,0.3
1986,Antigua y Barbuda,0.3
1987,Antigua y Barbuda,0.3
2007,Antigua y Barbuda,0.7
2009,Antigua y Barbuda,0.7
2010,Antigua y Barbuda,0.7
2011,Antigua y Barbuda,0.7
1988,Antigua y Barbuda,0.4
1989,Antigua y Barbuda,0.4
1990,Antigua y Barbuda,0.4
1991,Antigua y Barbuda,0.4
1992,Antigua y Barbuda,0.4
1993,Antigua y Barbuda,0.4
1994,Antigua y Barbuda,0.4
1982,Antigua y Barbuda,0.4
1981,Trinidad y Tobago,10.55811155
1982,Trinidad y Tobago,10.09098155
1983,Trinidad y Tobago,9.8553101
1984,Trinidad y Tobago,10.641415517
1985,Trinidad y Tobago,14.1452896
1986,Trinidad y Tobago,15.3759508
1987,Trinidad y Tobago,11.227520933
1988,Trinidad y Tobago,10.528522983
1989,Trinidad y Tobago,10.738409367
1990,Trinidad y Tobago,11.3819631
1991,Trinidad y Tobago,12.21362635
1992,Trinidad y Tobago,13.64663089
1993,Trinidad y Tobago,13.872866417
1994,Trinidad y Tobago,14.887874455
1995,Trinidad y Tobago,17.046162027
1996,Trinidad y Tobago,17.86450763
1997,Trinidad y Tobago,19.681313957
1998,Trinidad y Tobago,21.312406829
1999,Trinidad y Tobago,21.211447449
2000,Trinidad y Tobago,21.880478254
2001,Trinidad y Tobago,23.140910253
2002,Trinidad y Tobago,26.010796625
2003,Trinidad y Tobago,27.461032975
2004,Trinidad y Tobago,32.960886708
2005,Trinidad y Tobago,31.064049235
2006,Trinidad y Tobago,34.732813727
2007,Trinidad y Tobago,44.742689699
2008,Trinidad y Tobago,43.865169545
2009,Trinidad y Tobago,48.081480207
2010,Trinidad y Tobago,46.448151748
2011,Trinidad y Tobago,51.571790933
2012,Trinidad y Tobago,53.195311581
2013,Trinidad y Tobago,50.936025637
2014,Trinidad y Tobago,56.568972932
2015,Trinidad y Tobago,55.19857812
2016,Trinidad y Tobago,54.230426218
2017,Trinidad y Tobago,48.957140339
2018,Trinidad y Tobago,40.878009766
2019,Trinidad y Tobago,40.485352133
1980,Trinidad y Tobago,-1.0
1988,República Dominicana,7.550533889
1989,República Dominicana,8.321128393
1990,República Dominicana,8.121781849
1991,República Dominicana,9.037029143
1992,República Dominicana,8.746251712
1993,República Dominicana,9.84461691
1994,República Dominicana,8.650892072
1995,República Dominicana,9.835323391
1996,República Dominicana,11.180759592
1997,República Dominicana,11.230629796
1998,República Dominicana,12.234988328
1999,República Dominicana,12.331823319
2000,República Dominicana,14.117588719
2001,República Dominicana,16.209870936
2002,República Dominicana,16.44555316
2003,República Dominicana,17.508820597
2004,República Dominicana,17.423597485
2005,República Dominicana,17.194172363
2006,República Dominicana,17.527672331
2007,República Dominicana,18.024368941
2008,República Dominicana,18.628428254
2009,República Dominicana,18.645610186
2010,República Dominicana,17.78396985
2011,República Dominicana,18.236588997
2012,República Dominicana,19.61785108
2013,República Dominicana,21.101810589
2014,República Dominicana,20.094532458
2015,República Dominicana,19.765231558
2016,República Dominicana,22.363435954
2017,República Dominicana,23.755323707
2018,República Dominicana,21.956523492
2019,República Dominicana,25.265246857
1981,República Dominicana,5.43528
1982,República Dominicana,5.2
1983,República Dominicana,5.6
1984,República Dominicana,6.715247294
1985,República Dominicana,5.928316403
1986,República Dominicana,6.148791341
1987,República Dominicana,6.860989176
1980,República Dominicana,-1.0
1988,San Cristóbal y Nieves,0.05665
1989,San Cristóbal y Nieves,0.0661
1990,San Cristóbal y Nieves,0.06612
1991,San Cristóbal y Nieves,0.06612
1992,San Cristóbal y Nieves,0.07555
1993,San Cristóbal y Nieves,0.07632
1994,San Cristóbal y Nieves,0.08587
1996,San Cristóbal y Nieves,0.09229
2008,San Cristóbal y Nieves,0.273423163
2012,San Cristóbal y Nieves,0.250060014
2013,San Cristóbal y Nieves,0.246182614
2014,San Cristóbal y Nieves,0.244904858
2015,San Cristóbal y Nieves,0.247872849
2016,San Cristóbal y Nieves,0.258403
2017,San Cristóbal y Nieves,0.265412
2018,San Cristóbal y Nieves,0.265947836
2019,San Cristóbal y Nieves,0.268462136
1981,San Cristóbal y Nieves,0.05054
1982,San Cristóbal y Nieves,0.05339
1983,San Cristóbal y Nieves,0.0616
1984,San Cristóbal y Nieves,0.05047
1985,San Cristóbal y Nieves,0.05054
1986,San Cristóbal y Nieves,0.05041
1987,San Cristóbal y Nieves,0.05351
1980,San Cristóbal y Nieves,-1.0
2009,San Cristóbal y Nieves,0.3
2010,San Cristóbal y Nieves,0.3
2011,San Cristóbal y Nieves,0.3
1995,San Cristóbal y Nieves,0.1
1997,San Cristóbal y Nieves,0.1
1998,San Cristóbal y Nieves,0.1
1999,San Cristóbal y Nieves,0.1
2000,San Cristóbal y Nieves,0.1
2001,San Cristóbal y Nieves,0.1
2002,San Cristóbal y Nieves,0.1
2003,San Cristóbal y Nieves,0.1
2004,San Cristóbal y Nieves,0.1
2005,San Cristóbal y Nieves,0.1
2006,San Cristóbal y Nieves,0.1
2007,San Cristóbal y Nieves,0.2