year,temperatura,codigo
1901,26.23,ATG
1902,25.87,ATG
1903,25.98,ATG
1904,25.5,ATG
1905,25.83,ATG
1906,25.65,ATG
1907,25.38,ATG
1908,25.56,ATG
1909,25.44,ATG
1910,25.42,ATG
1911,25.46,ATG
1912,25.79,ATG
1913,25.15,ATG
1914,25.52,ATG
1915,26.07,ATG
1916,25.6,ATG
1917,25.37,ATG
1918,25.43,ATG
1919,25.59,ATG
1920,25.44,ATG
1921,25.4,ATG
1922,25.3,ATG
1923,25.68,ATG
1924,26.04,ATG
1925,25.62,ATG
1926,26.12,ATG
1927,25.78,ATG
1928,25.81,ATG
1929,25.48,ATG
1930,25.73,ATG
1931,26.38,ATG
1932,26.34,ATG
1933,26.04,ATG
1934,25.85,ATG
1935,25.77,ATG
1936,26.03,ATG
1937,26.29,ATG
1938,25.81,ATG
1939,25.98,ATG
1940,26.59,ATG
1941,26.62,ATG
1942,26.7,ATG
1943,26.11,ATG
1944,26.28,ATG
1945,25.83,ATG
1946,25.98,ATG
1947,26.29,ATG
1948,26.3,ATG
1949,25.99,ATG
1950,25.8,ATG
1951,26.35,ATG
1952,26.34,ATG
1953,26.18,ATG
1954,26.09,ATG
1955,26.07,ATG
1956,25.94,ATG
1957,26.14,ATG
1958,26.66,ATG
1959,26.28,ATG
1960,26.51,ATG
1961,26.31,ATG
1962,26.35,ATG
1963,26.49,ATG
1964,26.35,ATG
1965,26.24,ATG
1966,26.44,ATG
1967,26.19,ATG
1968,26.26,ATG
1969,26.75,ATG
1970,26.58,ATG
1971,26.23,ATG
1972,26.44,ATG
1973,26.52,ATG
1974,26.18,ATG
1975,26.2,ATG
1976,26.07,ATG
1977,26.59,ATG
1978,26.7,ATG
1979,26.69,ATG
1980,27.08,ATG
1981,27.05,ATG
1982,26.69,ATG
1983,27.28,ATG
1984,26.7,ATG
1985,26.63,ATG
1986,26.79,ATG
1987,27.34,ATG
1988,26.97,ATG
1989,26.66,ATG
1990,26.96,ATG
1991,27.03,ATG
1992,26.93,ATG
1993,27.19,ATG
1994,26.99,ATG
1995,27.15,ATG
1996,26.87,ATG
1997,27.0,ATG
1998,27.43,ATG
1999,26.96,ATG
2000,26.76,ATG
2001,27.17,ATG
2002,27.25,ATG
2003,27.21,ATG
2004,26.93,ATG
2005,27.34,ATG
2006,27.14,ATG
2007,27.12,ATG
2008,26.79,ATG
2009,27.25,ATG
2010,27.51,ATG
2011,27.1,ATG
2012,27.26,ATG
2013,27.3,ATG
2014,27.32,ATG
2015,27.51,ATG
2016,27.49,ATG
2017,27.36,ATG
2018,27.03,ATG
2019,27.43,ATG
2020,27.44,ATG
2021,27.33,ATG
1901,15.2,ARG
1902,14.84,ARG
1903,14.49,ARG
1904,14.72,ARG
1905,14.34,ARG
1906,14.9,ARG
1907,14.19,ARG
1908,14.6,ARG
1909,14.47,ARG
1910,14.51,ARG
1911,14.2,ARG
1912,14.93,ARG
1913,15.4,ARG
1914,14.66,ARG
1915,14.69,ARG
1916,14.76,ARG
1917,14.77,ARG
1918,14.49,ARG
1919,14.96,ARG
1920,14.93,ARG
1921,14.32,ARG
1922,14.39,ARG
1923,14.28,ARG
1924,14.32,ARG
1925,14.69,ARG
1926,15.0,ARG
1927,14.79,ARG
1928,14.22,ARG
1929,14.91,ARG
1930,14.86,ARG
1931,14.12,ARG
1932,15.02,ARG
1933,14.64,ARG
1934,14.36,ARG
1935,14.79,ARG
1936,14.64,ARG
1937,14.66,ARG
1938,14.42,ARG
1939,14.59,ARG
1940,14.53,ARG
1941,14.38,ARG
1942,14.34,ARG
1943,14.83,ARG
1944,15.29,ARG
1945,15.37,ARG
1946,14.58,ARG
1947,14.75,ARG
1948,14.77,ARG
1949,14.77,ARG
1950,14.73,ARG
1951,14.96,ARG
1952,14.94,ARG
1953,14.98,ARG
1954,14.57,ARG
1955,14.26,ARG
1956,14.0,ARG
1957,14.58,ARG
1958,14.83,ARG
1959,14.3,ARG
1960,14.92,ARG
1961,14.9,ARG
1962,14.77,ARG
1963,14.69,ARG
1964,14.32,ARG
1965,14.8,ARG
1966,14.6,ARG
1967,14.95,ARG
1968,15.06,ARG
1969,15.16,ARG
1970,15.08,ARG
1971,14.53,ARG
1972,14.69,ARG
1973,14.46,ARG
1974,14.5,ARG
1975,14.76,ARG
1976,14.23,ARG
1977,15.14,ARG
1978,14.99,ARG
1979,14.81,ARG
1980,15.12,ARG
1981,15.0,ARG
1982,15.07,ARG
1983,14.73,ARG
1984,14.18,ARG
1985,15.11,ARG
1986,15.13,ARG
1987,15.02,ARG
1988,14.62,ARG
1989,15.32,ARG
1990,14.97,ARG
1991,14.97,ARG
1992,14.6,ARG
1993,14.95,ARG
1994,15.53,ARG
1995,14.96,ARG
1996,14.99,ARG
1997,15.36,ARG
1998,15.03,ARG
1999,14.75,ARG
2000,14.44,ARG
2001,15.06,ARG
2002,14.82,ARG
2003,15.21,ARG
2004,15.19,ARG
2005,14.86,ARG
2006,15.38,ARG
2007,14.41,ARG
2008,15.29,ARG
2009,15.33,ARG
2010,14.84,ARG
2011,15.12,ARG
2012,15.51,ARG
2013,15.34,ARG
2014,15.34,ARG
2015,15.47,ARG
2016,14.98,ARG
2017,15.52,ARG
2018,15.2,ARG
2019,15.18,ARG
2020,15.52,ARG
2021,15.4,ARG
1901,23.25,BHS
1902,24.07,BHS
1903,23.79,BHS
1904,23.77,BHS
1905,24.35,BHS
1906,23.83,BHS
1907,24.34,BHS
1908,24.29,BHS
1909,24.16,BHS
1910,23.11,BHS
1911,24.56,BHS
1912,24.67,BHS
1913,24.3,BHS
1914,23.87,BHS
1915,23.81,BHS
1916,23.93,BHS
1917,23.74,BHS
1918,24.12,BHS
1919,24.34,BHS
1920,24.03,BHS
1921,24.52,BHS
1922,24.4,BHS
1923,24.23,BHS
1924,24.49,BHS
1925,24.59,BHS
1926,24.43,BHS
1927,24.44,BHS
1928,24.09,BHS
1929,24.83,BHS
1930,24.2,BHS
1931,24.11,BHS
1932,24.62,BHS
1933,24.64,BHS
1934,24.26,BHS
1935,24.12,BHS
1936,24.43,BHS
1937,24.43,BHS
1938,24.37,BHS
1939,24.66,BHS
1940,23.66,BHS
1941,24.35,BHS
1942,24.18,BHS
1943,24.06,BHS
1944,24.31,BHS
1945,24.44,BHS
1946,24.98,BHS
1947,24.7,BHS
1948,25.33,BHS
1949,24.87,BHS
1950,24.32,BHS
1951,24.33,BHS
1952,24.4,BHS
1953,24.69,BHS
1954,24.1,BHS
1955,24.18,BHS
1956,24.0,BHS
1957,24.7,BHS
1958,24.07,BHS
1959,24.74,BHS
1960,24.13,BHS
1961,24.5,BHS
1962,24.13,BHS
1963,24.07,BHS
1964,24.61,BHS
1965,24.55,BHS
1966,24.0,BHS
1967,24.51,BHS
1968,23.62,BHS
1969,24.01,BHS
1970,24.06,BHS
1971,24.51,BHS
1972,24.94,BHS
1973,24.52,BHS
1974,24.78,BHS
1975,25.02,BHS
1976,24.11,BHS
1977,24.18,BHS
1978,24.39,BHS
1979,24.58,BHS
1980,24.49,BHS
1981,24.21,BHS
1982,25.26,BHS
1983,24.44,BHS
1984,24.34,BHS
1985,24.51,BHS
1986,24.9,BHS
1987,24.59,BHS
1988,24.63,BHS
1989,24.99,BHS
1990,25.46,BHS
1991,25.39,BHS
1992,24.59,BHS
1993,24.9,BHS
1994,25.47,BHS
1995,24.93,BHS
1996,24.59,BHS
1997,25.1,BHS
1998,25.31,BHS
1999,24.88,BHS
2000,24.75,BHS
2001,24.85,BHS
2002,25.25,BHS
2003,25.11,BHS
2004,24.9,BHS
2005,24.93,BHS
2006,25.05,BHS
2007,25.34,BHS
2008,25.0,BHS
2009,25.17,BHS
2010,24.22,BHS
2011,25.3,BHS
2012,25.05,BHS
2013,25.23,BHS
2014,25.23,BHS
2015,26.14,BHS
2016,25.56,BHS
2017,25.69,BHS
2018,25.47,BHS
2019,25.96,BHS
2020,25.99,BHS
2021,25.5,BHS
1901,25.9,BRB
1902,25.75,BRB
1903,25.78,BRB
1904,25.55,BRB
1905,25.7,BRB
1906,25.66,BRB
1907,25.52,BRB
1908,25.61,BRB
1909,25.55,BRB
1910,25.56,BRB
1911,25.62,BRB
1912,25.77,BRB
1913,25.45,BRB
1914,25.47,BRB
1915,25.77,BRB
1916,25.5,BRB
1917,25.5,BRB
1918,25.57,BRB
1919,25.58,BRB
1920,25.5,BRB
1921,25.53,BRB
1922,25.42,BRB
1923,25.54,BRB
1924,25.59,BRB
1925,25.57,BRB
1926,25.84,BRB
1927,25.56,BRB
1928,25.61,BRB
1929,25.45,BRB
1930,25.63,BRB
1931,25.97,BRB
1932,25.97,BRB
1933,25.66,BRB
1934,25.66,BRB
1935,25.47,BRB
1936,25.64,BRB
1937,25.94,BRB
1938,25.52,BRB
1939,25.62,BRB
1940,26.28,BRB
1941,26.37,BRB
1942,26.29,BRB
1943,25.77,BRB
1944,25.96,BRB
1945,25.67,BRB
1946,25.7,BRB
1947,25.94,BRB
1948,25.84,BRB
1949,25.59,BRB
1950,25.47,BRB
1951,25.81,BRB
1952,25.91,BRB
1953,25.8,BRB
1954,25.38,BRB
1955,25.5,BRB
1956,25.49,BRB
1957,25.66,BRB
1958,26.12,BRB
1959,25.8,BRB
1960,25.92,BRB
1961,25.87,BRB
1962,25.78,BRB
1963,26.03,BRB
1964,25.65,BRB
1965,25.72,BRB
1966,25.91,BRB
1967,25.63,BRB
1968,25.64,BRB
1969,26.32,BRB
1970,25.96,BRB
1971,25.52,BRB
1972,25.77,BRB
1973,26.04,BRB
1974,25.62,BRB
1975,25.63,BRB
1976,25.57,BRB
1977,26.07,BRB
1978,26.19,BRB
1979,26.34,BRB
1980,26.46,BRB
1981,26.44,BRB
1982,26.08,BRB
1983,26.48,BRB
1984,25.96,BRB
1985,25.84,BRB
1986,26.11,BRB
1987,26.97,BRB
1988,26.6,BRB
1989,26.09,BRB
1990,26.39,BRB
1991,26.41,BRB
1992,26.18,BRB
1993,26.54,BRB
1994,26.24,BRB
1995,26.59,BRB
1996,26.34,BRB
1997,26.54,BRB
1998,27.09,BRB
1999,26.66,BRB
2000,26.31,BRB
2001,26.57,BRB
2002,26.56,BRB
2003,26.8,BRB
2004,26.47,BRB
2005,26.82,BRB
2006,26.66,BRB
2007,26.48,BRB
2008,26.36,BRB
2009,26.69,BRB
2010,27.04,BRB
2011,26.64,BRB
2012,26.51,BRB
2013,26.59,BRB
2014,26.63,BRB
2015,26.94,BRB
2016,26.92,BRB
2017,26.75,BRB
2018,26.44,BRB
2019,26.71,BRB
2020,26.8,BRB
2021,26.64,BRB
1901,24.93,BLZ
1902,25.14,BLZ
1903,25.12,BLZ
1904,24.98,BLZ
1905,25.09,BLZ
1906,24.71,BLZ
1907,24.86,BLZ
1908,24.83,BLZ
1909,25.0,BLZ
1910,23.94,BLZ
1911,24.82,BLZ
1912,25.04,BLZ
1913,24.57,BLZ
1914,24.58,BLZ
1915,24.8,BLZ
1916,24.68,BLZ
1917,24.99,BLZ
1918,25.13,BLZ
1919,24.91,BLZ
1920,24.91,BLZ
1921,24.81,BLZ
1922,25.31,BLZ
1923,25.04,BLZ
1924,24.93,BLZ
1925,24.89,BLZ
1926,25.03,BLZ
1927,25.07,BLZ
1928,24.95,BLZ
1929,25.2,BLZ
1930,24.77,BLZ
1931,24.77,BLZ
1932,25.07,BLZ
1933,25.11,BLZ
1934,24.81,BLZ
1935,24.93,BLZ
1936,25.27,BLZ
1937,25.09,BLZ
1938,24.59,BLZ
1939,24.85,BLZ
1940,24.69,BLZ
1941,24.97,BLZ
1942,24.83,BLZ
1943,24.53,BLZ
1944,24.96,BLZ
1945,25.16,BLZ
1946,25.14,BLZ
1947,25.24,BLZ
1948,25.17,BLZ
1949,25.07,BLZ
1950,24.51,BLZ
1951,24.93,BLZ
1952,24.99,BLZ
1953,25.28,BLZ
1954,24.61,BLZ
1955,24.79,BLZ
1956,24.63,BLZ
1957,25.18,BLZ
1958,25.49,BLZ
1959,25.29,BLZ
1960,25.02,BLZ
1961,25.0,BLZ
1962,24.71,BLZ
1963,24.83,BLZ
1964,24.99,BLZ
1965,24.85,BLZ
1966,24.73,BLZ
1967,24.75,BLZ
1968,24.53,BLZ
1969,25.16,BLZ
1970,24.89,BLZ
1971,24.79,BLZ
1972,25.32,BLZ
1973,25.12,BLZ
1974,24.73,BLZ
1975,25.2,BLZ
1976,24.83,BLZ
1977,25.21,BLZ
1978,25.06,BLZ
1979,25.18,BLZ
1980,25.38,BLZ
1981,25.06,BLZ
1982,25.37,BLZ
1983,25.52,BLZ
1984,24.85,BLZ
1985,25.22,BLZ
1986,25.23,BLZ
1987,25.49,BLZ
1988,25.44,BLZ
1989,25.24,BLZ
1990,25.43,BLZ
1991,25.44,BLZ
1992,25.26,BLZ
1993,25.16,BLZ
1994,25.5,BLZ
1995,25.57,BLZ
1996,25.17,BLZ
1997,25.64,BLZ
1998,25.88,BLZ
1999,25.11,BLZ
2000,25.31,BLZ
2001,25.65,BLZ
2002,25.8,BLZ
2003,25.88,BLZ
2004,25.79,BLZ
2005,25.76,BLZ
2006,25.7,BLZ
2007,25.62,BLZ
2008,25.64,BLZ
2009,26.0,BLZ
2010,25.37,BLZ
2011,25.85,BLZ
2012,25.9,BLZ
2013,25.79,BLZ
2014,25.72,BLZ
2015,26.24,BLZ
2016,26.32,BLZ
2017,26.09,BLZ
2018,25.53,BLZ
2019,26.05,BLZ
2020,26.38,BLZ
2021,26.15,BLZ
1901,21.23,BOL
1902,21.12,BOL
1903,20.72,BOL
1904,20.59,BOL
1905,20.92,BOL
1906,20.92,BOL
1907,20.69,BOL
1908,20.74,BOL
1909,20.59,BOL
1910,20.7,BOL
1911,20.49,BOL
1912,20.66,BOL
1913,20.43,BOL
1914,20.51,BOL
1915,20.83,BOL
1916,20.32,BOL
1917,19.93,BOL
1918,20.56,BOL
1919,21.25,BOL
1920,20.81,BOL
1921,20.68,BOL
1922,20.62,BOL
1923,20.66,BOL
1924,20.74,BOL
1925,20.82,BOL
1926,21.36,BOL
1927,20.92,BOL
1928,21.06,BOL
1929,20.91,BOL
1930,21.0,BOL
1931,20.87,BOL
1932,21.04,BOL
1933,20.79,BOL
1934,20.81,BOL
1935,21.06,BOL
1936,21.23,BOL
1937,21.12,BOL
1938,20.9,BOL
1939,21.11,BOL
1940,21.36,BOL
1941,21.23,BOL
1942,20.83,BOL
1943,20.88,BOL
1944,21.09,BOL
1945,21.03,BOL
1946,20.8,BOL
1947,20.46,BOL
1948,20.69,BOL
1949,20.46,BOL
1950,20.45,BOL
1951,20.47,BOL
1952,20.47,BOL
1953,20.95,BOL
1954,20.62,BOL
1955,20.54,BOL
1956,20.05,BOL
1957,20.58,BOL
1958,20.87,BOL
1959,20.77,BOL
1960,20.33,BOL
1961,21.11,BOL
1962,20.56,BOL
1963,21.14,BOL
1964,20.66,BOL
1965,20.99,BOL
1966,21.08,BOL
1967,21.2,BOL
1968,20.87,BOL
1969,21.55,BOL
1970,21.24,BOL
1971,20.49,BOL
1972,20.98,BOL
1973,21.0,BOL
1974,20.38,BOL
1975,20.52,BOL
1976,20.3,BOL
1977,20.54,BOL
1978,20.5,BOL
1979,20.38,BOL
1980,20.66,BOL
1981,20.28,BOL
1982,20.6,BOL
1983,21.08,BOL
1984,20.69,BOL
1985,20.98,BOL
1986,20.96,BOL
1987,21.46,BOL
1988,21.19,BOL
1989,20.54,BOL
1990,20.66,BOL
1991,20.97,BOL
1992,20.68,BOL
1993,20.91,BOL
1994,21.35,BOL
1995,20.97,BOL
1996,20.49,BOL
1997,21.03,BOL
1998,21.08,BOL
1999,20.42,BOL
2000,20.59,BOL
2001,20.56,BOL
2002,20.78,BOL
2003,20.44,BOL
2004,20.85,BOL
2005,20.63,BOL
2006,20.82,BOL
2007,20.46,BOL
2008,20.27,BOL
2009,20.58,BOL
2010,20.74,BOL
2011,20.68,BOL
2012,20.67,BOL
2013,20.44,BOL
2014,21.01,BOL
2015,21.25,BOL
2016,20.89,BOL
2017,20.97,BOL
2018,20.56,BOL
2019,20.9,BOL
2020,21.35,BOL
2021,20.82,BOL
1901,24.91,BRA
1902,25.04,BRA
1903,24.87,BRA
1904,24.66,BRA
1905,24.84,BRA
1906,24.83,BRA
1907,24.76,BRA
1908,24.86,BRA
1909,24.81,BRA
1910,24.78,BRA
1911,24.65,BRA
1912,24.7,BRA
1913,24.62,BRA
1914,24.75,BRA
1915,24.9,BRA
1916,24.57,BRA
1917,24.2,BRA
1918,24.57,BRA
1919,24.92,BRA
1920,24.59,BRA
1921,24.42,BRA
1922,24.43,BRA
1923,24.46,BRA
1924,24.35,BRA
1925,24.46,BRA
1926,24.71,BRA
1927,24.42,BRA
1928,24.56,BRA
1929,24.43,BRA
1930,24.68,BRA
1931,24.6,BRA
1932,24.73,BRA
1933,24.45,BRA
1934,24.44,BRA
1935,24.57,BRA
1936,24.75,BRA
1937,24.7,BRA
1938,24.58,BRA
1939,24.68,BRA
1940,24.86,BRA
1941,24.96,BRA
1942,24.78,BRA
1943,24.64,BRA
1944,24.89,BRA
1945,24.78,BRA
1946,24.78,BRA
1947,24.64,BRA
1948,24.74,BRA
1949,24.51,BRA
1950,24.51,BRA
1951,24.52,BRA
1952,24.68,BRA
1953,24.78,BRA
1954,24.78,BRA
1955,24.56,BRA
1956,24.31,BRA
1957,24.64,BRA
1958,25.08,BRA
1959,24.93,BRA
1960,24.66,BRA
1961,24.88,BRA
1962,24.6,BRA
1963,24.98,BRA
1964,24.54,BRA
1965,24.77,BRA
1966,24.82,BRA
1967,24.75,BRA
1968,24.36,BRA
1969,25.02,BRA
1970,24.86,BRA
1971,24.42,BRA
1972,24.82,BRA
1973,24.98,BRA
1974,24.37,BRA
1975,24.48,BRA
1976,24.43,BRA
1977,24.88,BRA
1978,24.67,BRA
1979,24.72,BRA
1980,24.92,BRA
1981,24.75,BRA
1982,24.86,BRA
1983,25.08,BRA
1984,24.85,BRA
1985,24.75,BRA
1986,24.91,BRA
1987,25.35,BRA
1988,25.07,BRA
1989,24.77,BRA
1990,25.12,BRA
1991,25.05,BRA
1992,24.91,BRA
1993,25.02,BRA
1994,25.14,BRA
1995,25.27,BRA
1996,25.05,BRA
1997,25.28,BRA
1998,25.68,BRA
1999,25.15,BRA
2000,25.09,BRA
2001,25.36,BRA
2002,25.63,BRA
2003,25.43,BRA
2004,25.35,BRA
2005,25.61,BRA
2006,25.42,BRA
2007,25.54,BRA
2008,25.24,BRA
2009,25.44,BRA
2010,25.68,BRA
2011,25.36,BRA
2012,25.56,BRA
2013,25.5,BRA
2014,25.67,BRA
2015,25.97,BRA
2016,25.84,BRA
2017,25.77,BRA
2018,25.59,BRA
2019,25.94,BRA
2020,25.93,BRA
2021,25.58,BRA
1901,9.87,CHL
1902,9.34,CHL
1903,9.12,CHL
1904,9.4,CHL
1905,8.98,CHL
1906,9.19,CHL
1907,8.67,CHL
1908,8.95,CHL
1909,8.82,CHL
1910,9.01,CHL
1911,8.91,CHL
1912,9.48,CHL
1913,9.65,CHL
1914,9.13,CHL
1915,9.29,CHL
1916,9.3,CHL
1917,9.35,CHL
1918,9.1,CHL
1919,9.59,CHL
1920,9.49,CHL
1921,9.01,CHL
1922,9.11,CHL
1923,8.89,CHL
1924,9.24,CHL
1925,9.22,CHL
1926,9.39,CHL
1927,9.29,CHL
1928,8.96,CHL
1929,9.35,CHL
1930,9.34,CHL
1931,8.83,CHL
1932,9.28,CHL
1933,9.01,CHL
1934,8.9,CHL
1935,9.09,CHL
1936,9.02,CHL
1937,8.96,CHL
1938,8.74,CHL
1939,9.03,CHL
1940,9.03,CHL
1941,9.1,CHL
1942,8.95,CHL
1943,9.32,CHL
1944,9.56,CHL
1945,9.7,CHL
1946,9.11,CHL
1947,9.16,CHL
1948,9.07,CHL
1949,9.14,CHL
1950,8.96,CHL
1951,9.39,CHL
1952,9.52,CHL
1953,9.46,CHL
1954,9.08,CHL
1955,8.91,CHL
1956,8.86,CHL
1957,9.29,CHL
1958,9.3,CHL
1959,9.01,CHL
1960,9.34,CHL
1961,9.14,CHL
1962,9.44,CHL
1963,9.1,CHL
1964,8.97,CHL
1965,9.23,CHL
1966,9.05,CHL
1967,9.14,CHL
1968,9.38,CHL
1969,9.46,CHL
1970,9.26,CHL
1971,8.7,CHL
1972,9.05,CHL
1973,8.94,CHL
1974,8.86,CHL
1975,8.96,CHL
1976,8.74,CHL
1977,9.42,CHL
1978,9.43,CHL
1979,9.27,CHL
1980,9.36,CHL
1981,9.36,CHL
1982,9.36,CHL
1983,9.46,CHL
1984,8.75,CHL
1985,9.47,CHL
1986,9.34,CHL
1987,9.73,CHL
1988,9.12,CHL
1989,9.5,CHL
1990,9.33,CHL
1991,9.22,CHL
1992,9.14,CHL
1993,9.42,CHL
1994,9.68,CHL
1995,9.36,CHL
1996,9.35,CHL
1997,9.7,CHL
1998,9.82,CHL
1999,9.29,CHL
2000,8.92,CHL
2001,9.23,CHL
2002,9.11,CHL
2003,9.54,CHL
2004,9.69,CHL
2005,9.24,CHL
2006,9.66,CHL
2007,8.86,CHL
2008,9.63,CHL
2009,9.51,CHL
2010,9.19,CHL
2011,9.44,CHL
2012,9.67,CHL
2013,9.67,CHL
2014,9.57,CHL
2015,9.84,CHL
2016,9.84,CHL
2017,9.87,CHL
2018,9.56,CHL
2019,9.66,CHL
2020,9.97,CHL
2021,9.88,CHL
1901,24.49,COL
1902,24.39,COL
1903,24.42,COL
1904,24.42,COL
1905,24.36,COL
1906,24.36,COL
1907,24.44,COL
1908,24.35,COL
1909,24.39,COL
1910,24.4,COL
1911,24.43,COL
1912,24.38,COL
1913,24.47,COL
1914,24.39,COL
1915,24.8,COL
1916,24.62,COL
1917,24.41,COL
1918,24.36,COL
1919,24.4,COL
1920,24.39,COL
1921,24.24,COL
1922,24.16,COL
1923,24.26,COL
1924,24.41,COL
1925,24.19,COL
1926,24.73,COL
1927,24.27,COL
1928,24.41,COL
1929,24.43,COL
1930,24.51,COL
1931,24.69,COL
1932,24.48,COL
1933,24.47,COL
1934,24.46,COL
1935,24.44,COL
1936,24.72,COL
1937,24.62,COL
1938,24.36,COL
1939,24.47,COL
1940,24.73,COL
1941,25.2,COL
1942,24.55,COL
1943,24.36,COL
1944,24.38,COL
1945,24.41,COL
1946,24.44,COL
1947,24.72,COL
1948,24.65,COL
1949,24.35,COL
1950,23.98,COL
1951,24.47,COL
1952,24.62,COL
1953,24.6,COL
1954,24.13,COL
1955,24.16,COL
1956,24.19,COL
1957,24.74,COL
1958,25.2,COL
1959,24.84,COL
1960,24.72,COL
1961,24.66,COL
1962,24.61,COL
1963,24.8,COL
1964,24.5,COL
1965,24.59,COL
1966,24.67,COL
1967,24.27,COL
1968,24.28,COL
1969,24.83,COL
1970,24.55,COL
1971,24.01,COL
1972,24.62,COL
1973,24.58,COL
1974,24.06,COL
1975,23.99,COL
1976,24.2,COL
1977,24.7,COL
1978,24.58,COL
1979,24.66,COL
1980,24.84,COL
1981,24.61,COL
1982,24.7,COL
1983,25.24,COL
1984,24.42,COL
1985,24.42,COL
1986,24.54,COL
1987,25.06,COL
1988,24.65,COL
1989,24.38,COL
1990,24.77,COL
1991,24.82,COL
1992,24.95,COL
1993,24.8,COL
1994,24.77,COL
1995,24.97,COL
1996,24.63,COL
1997,25.01,COL
1998,25.3,COL
1999,24.46,COL
2000,24.48,COL
2001,24.88,COL
2002,25.01,COL
2003,25.09,COL
2004,24.91,COL
2005,25.0,COL
2006,24.87,COL
2007,24.8,COL
2008,24.52,COL
2009,24.98,COL
2010,25.2,COL
2011,24.85,COL
2012,25.01,COL
2013,25.2,COL
2014,25.32,COL
2015,25.62,COL
2016,25.65,COL
2017,25.11,COL
2018,25.04,COL
2019,25.42,COL
2020,25.36,COL
2021,24.97,COL
1901,24.28,CRI
1902,24.28,CRI
1903,24.28,CRI
1904,24.28,CRI
1905,24.28,CRI
1906,24.28,CRI
1907,24.28,CRI
1908,24.28,CRI
1909,24.28,CRI
1910,24.28,CRI
1911,24.28,CRI
1912,24.28,CRI
1913,24.28,CRI
1914,24.28,CRI
1915,24.28,CRI
1916,24.28,CRI
1917,24.28,CRI
1918,24.28,CRI
1919,24.28,CRI
1920,24.28,CRI
1921,24.28,CRI
1922,24.28,CRI
1923,24.28,CRI
1924,24.28,CRI
1925,24.28,CRI
1926,24.28,CRI
1927,24.28,CRI
1928,24.28,CRI
1929,24.28,CRI
1930,24.28,CRI
1931,24.34,CRI
1932,24.32,CRI
1933,24.25,CRI
1934,24.27,CRI
1935,24.22,CRI
1936,24.46,CRI
1937,24.34,CRI
1938,24.06,CRI
1939,24.21,CRI
1940,24.19,CRI
1941,24.31,CRI
1942,24.19,CRI
1943,23.94,CRI
1944,24.07,CRI
1945,24.2,CRI
1946,24.24,CRI
1947,24.25,CRI
1948,24.16,CRI
1949,24.07,CRI
1950,23.93,CRI
1951,24.32,CRI
1952,24.4,CRI
1953,24.43,CRI
1954,24.03,CRI
1955,24.07,CRI
1956,24.4,CRI
1957,24.83,CRI
1958,25.07,CRI
1959,24.64,CRI
1960,24.48,CRI
1961,24.26,CRI
1962,24.01,CRI
1963,24.32,CRI
1964,24.29,CRI
1965,24.45,CRI
1966,24.48,CRI
1967,24.06,CRI
1968,23.85,CRI
1969,24.22,CRI
1970,23.85,CRI
1971,23.7,CRI
1972,24.24,CRI
1973,24.25,CRI
1974,23.78,CRI
1975,23.7,CRI
1976,23.94,CRI
1977,24.25,CRI
1978,24.39,CRI
1979,24.46,CRI
1980,24.57,CRI
1981,24.36,CRI
1982,24.55,CRI
1983,24.97,CRI
1984,24.12,CRI
1985,24.33,CRI
1986,24.4,CRI
1987,25.04,CRI
1988,24.77,CRI
1989,24.57,CRI
1990,24.8,CRI
1991,24.92,CRI
1992,24.91,CRI
1993,24.89,CRI
1994,24.89,CRI
1995,24.86,CRI
1996,24.35,CRI
1997,24.92,CRI
1998,25.09,CRI
1999,24.18,CRI
2000,24.42,CRI
2001,24.85,CRI
2002,25.0,CRI
2003,25.05,CRI
2004,24.87,CRI
2005,24.76,CRI
2006,24.93,CRI
2007,24.73,CRI
2008,24.69,CRI
2009,25.09,CRI
2010,24.91,CRI
2011,24.73,CRI
2012,24.75,CRI
2013,24.9,CRI
2014,25.04,CRI
2015,25.14,CRI
2016,25.16,CRI
2017,24.92,CRI
2018,24.53,CRI
2019,24.89,CRI
2020,25.08,CRI
2021,24.94,CRI
1901,24.06,CUB
1902,24.78,CUB
1903,24.57,CUB
1904,24.52,CUB
1905,25.05,CUB
1906,24.54,CUB
1907,24.94,CUB
1908,24.88,CUB
1909,24.78,CUB
1910,23.88,CUB
1911,25.16,CUB
1912,25.29,CUB
1913,24.97,CUB
1914,24.61,CUB
1915,24.6,CUB
1916,24.68,CUB
1917,24.45,CUB
1918,24.84,CUB
1919,25.0,CUB
1920,24.77,CUB
1921,25.17,CUB
1922,25.11,CUB
1923,24.98,CUB
1924,25.18,CUB
1925,25.24,CUB
1926,25.07,CUB
1927,25.07,CUB
1928,24.78,CUB
1929,25.35,CUB
1930,24.81,CUB
1931,24.72,CUB
1932,25.22,CUB
1933,25.24,CUB
1934,24.95,CUB
1935,24.87,CUB
1936,25.13,CUB
1937,25.12,CUB
1938,25.04,CUB
1939,25.25,CUB
1940,24.43,CUB
1941,25.05,CUB
1942,24.94,CUB
1943,24.77,CUB
1944,24.94,CUB
1945,24.96,CUB
1946,25.29,CUB
1947,25.17,CUB
1948,25.69,CUB
1949,25.17,CUB
1950,24.71,CUB
1951,24.84,CUB
1952,24.95,CUB
1953,25.16,CUB
1954,24.81,CUB
1955,24.79,CUB
1956,24.72,CUB
1957,25.27,CUB
1958,24.9,CUB
1959,25.34,CUB
1960,24.92,CUB
1961,25.24,CUB
1962,25.0,CUB
1963,24.94,CUB
1964,25.32,CUB
1965,25.17,CUB
1966,24.77,CUB
1967,25.08,CUB
1968,24.5,CUB
1969,24.87,CUB
1970,24.75,CUB
1971,24.98,CUB
1972,25.3,CUB
1973,25.11,CUB
1974,25.16,CUB
1975,25.39,CUB
1976,24.72,CUB
1977,24.88,CUB
1978,25.02,CUB
1979,25.17,CUB
1980,25.22,CUB
1981,24.96,CUB
1982,25.67,CUB
1983,25.17,CUB
1984,24.97,CUB
1985,25.13,CUB
1986,25.36,CUB
1987,25.45,CUB
1988,25.37,CUB
1989,25.5,CUB
1990,25.88,CUB
1991,25.92,CUB
1992,25.45,CUB
1993,25.61,CUB
1994,26.07,CUB
1995,25.66,CUB
1996,25.18,CUB
1997,25.85,CUB
1998,26.04,CUB
1999,25.56,CUB
2000,25.48,CUB
2001,25.62,CUB
2002,25.97,CUB
2003,25.91,CUB
2004,25.66,CUB
2005,25.61,CUB
2006,25.84,CUB
2007,25.87,CUB
2008,25.52,CUB
2009,25.66,CUB
2010,24.87,CUB
2011,25.65,CUB
2012,25.59,CUB
2013,25.82,CUB
2014,25.9,CUB
2015,26.56,CUB
2016,26.14,CUB
2017,26.18,CUB
2018,26.0,CUB
2019,26.38,CUB
2020,26.43,CUB
2021,26.05,CUB
1901,25.97,DMA
1902,25.67,DMA
1903,25.75,DMA
1904,25.37,DMA
1905,25.63,DMA
1906,25.52,DMA
1907,25.29,DMA
1908,25.44,DMA
1909,25.35,DMA
1910,25.36,DMA
1911,25.38,DMA
1912,25.61,DMA
1913,25.14,DMA
1914,25.38,DMA
1915,25.79,DMA
1916,25.42,DMA
1917,25.41,DMA
1918,25.46,DMA
1919,25.44,DMA
1920,25.31,DMA
1921,25.41,DMA
1922,25.3,DMA
1923,25.52,DMA
1924,25.73,DMA
1925,25.51,DMA
1926,25.91,DMA
1927,25.57,DMA
1928,25.61,DMA
1929,25.4,DMA
1930,25.55,DMA
1931,26.06,DMA
1932,26.09,DMA
1933,25.75,DMA
1934,25.7,DMA
1935,25.43,DMA
1936,25.69,DMA
1937,25.99,DMA
1938,25.52,DMA
1939,25.67,DMA
1940,26.31,DMA
1941,26.38,DMA
1942,26.37,DMA
1943,25.81,DMA
1944,25.99,DMA
1945,25.57,DMA
1946,25.7,DMA
1947,25.98,DMA
1948,25.96,DMA
1949,25.66,DMA
1950,25.46,DMA
1951,25.89,DMA
1952,25.95,DMA
1953,25.8,DMA
1954,25.56,DMA
1955,25.61,DMA
1956,25.54,DMA
1957,25.75,DMA
1958,26.19,DMA
1959,25.94,DMA
1960,26.09,DMA
1961,26.02,DMA
1962,25.9,DMA
1963,26.15,DMA
1964,25.92,DMA
1965,25.85,DMA
1966,26.04,DMA
1967,25.77,DMA
1968,25.86,DMA
1969,26.38,DMA
1970,26.15,DMA
1971,25.81,DMA
1972,26.03,DMA
1973,26.2,DMA
1974,25.89,DMA
1975,25.86,DMA
1976,25.86,DMA
1977,26.29,DMA
1978,26.44,DMA
1979,26.39,DMA
1980,26.7,DMA
1981,26.67,DMA
1982,26.33,DMA
1983,26.81,DMA
1984,26.26,DMA
1985,26.19,DMA
1986,26.31,DMA
1987,27.01,DMA
1988,26.66,DMA
1989,26.26,DMA
1990,26.58,DMA
1991,26.63,DMA
1992,26.51,DMA
1993,26.81,DMA
1994,26.58,DMA
1995,26.78,DMA
1996,26.5,DMA
1997,26.65,DMA
1998,27.13,DMA
1999,26.67,DMA
2000,26.48,DMA
2001,26.86,DMA
2002,26.87,DMA
2003,26.89,DMA
2004,26.64,DMA
2005,27.07,DMA
2006,26.87,DMA
2007,26.78,DMA
2008,26.49,DMA
2009,26.92,DMA
2010,27.24,DMA
2011,26.83,DMA
2012,26.9,DMA
2013,26.97,DMA
2014,26.96,DMA
2015,27.17,DMA
2016,27.16,DMA
2017,26.98,DMA
2018,26.64,DMA
2019,26.98,DMA
2020,27.03,DMA
2021,26.91,DMA
1901,21.1,ECU
1902,21.1,ECU
1903,21.1,ECU
1904,21.11,ECU
1905,21.1,ECU
1906,21.1,ECU
1907,21.1,ECU
1908,21.11,ECU
1909,21.1,ECU
1910,21.05,ECU
1911,21.08,ECU
1912,21.11,ECU
1913,21.12,ECU
1914,21.1,ECU
1915,21.11,ECU
1916,21.08,ECU
1917,21.11,ECU
1918,21.11,ECU
1919,21.09,ECU
1920,21.06,ECU
1921,21.04,ECU
1922,21.1,ECU
1923,20.99,ECU
1924,21.07,ECU
1925,20.96,ECU
1926,21.21,ECU
1927,21.07,ECU
1928,21.08,ECU
1929,21.1,ECU
1930,21.12,ECU
1931,21.22,ECU
1932,21.08,ECU
1933,21.03,ECU
1934,20.97,ECU
1935,21.05,ECU
1936,21.19,ECU
1937,21.1,ECU
1938,21.09,ECU
1939,21.09,ECU
1940,21.09,ECU
1941,21.45,ECU
1942,21.1,ECU
1943,21.81,ECU
1944,21.93,ECU
1945,21.64,ECU
1946,21.48,ECU
1947,21.17,ECU
1948,21.35,ECU
1949,20.83,ECU
1950,20.39,ECU
1951,21.12,ECU
1952,20.81,ECU
1953,21.2,ECU
1954,20.38,ECU
1955,20.57,ECU
1956,20.49,ECU
1957,21.57,ECU
1958,21.17,ECU
1959,21.15,ECU
1960,20.99,ECU
1961,20.96,ECU
1962,20.98,ECU
1963,21.19,ECU
1964,20.71,ECU
1965,21.3,ECU
1966,21.05,ECU
1967,20.64,ECU
1968,20.65,ECU
1969,21.54,ECU
1970,20.98,ECU
1971,20.55,ECU
1972,21.81,ECU
1973,20.71,ECU
1974,20.33,ECU
1975,20.3,ECU
1976,20.96,ECU
1977,21.11,ECU
1978,21.04,ECU
1979,21.31,ECU
1980,21.21,ECU
1981,21.19,ECU
1982,21.79,ECU
1983,22.24,ECU
1984,21.11,ECU
1985,20.86,ECU
1986,21.15,ECU
1987,21.69,ECU
1988,20.97,ECU
1989,20.8,ECU
1990,21.37,ECU
1991,21.41,ECU
1992,21.54,ECU
1993,21.37,ECU
1994,21.2,ECU
1995,21.51,ECU
1996,20.87,ECU
1997,21.99,ECU
1998,22.11,ECU
1999,20.85,ECU
2000,20.81,ECU
2001,20.94,ECU
2002,21.45,ECU
2003,21.29,ECU
2004,21.3,ECU
2005,21.18,ECU
2006,21.28,ECU
2007,20.75,ECU
2008,21.04,ECU
2009,21.56,ECU
2010,21.33,ECU
2011,21.11,ECU
2012,21.32,ECU
2013,21.08,ECU
2014,21.6,ECU
2015,22.1,ECU
2016,21.93,ECU
2017,21.7,ECU
2018,21.5,ECU
2019,21.97,ECU
2020,21.78,ECU
2021,21.38,ECU
1901,24.57,SLV
1902,24.62,SLV
1903,24.63,SLV
1904,24.57,SLV
1905,24.57,SLV
1906,24.42,SLV
1907,24.47,SLV
1908,24.47,SLV
1909,24.56,SLV
1910,24.05,SLV
1911,24.43,SLV
1912,24.51,SLV
1913,24.3,SLV
1914,24.3,SLV
1915,24.42,SLV
1916,24.34,SLV
1917,24.57,SLV
1918,24.58,SLV
1919,24.47,SLV
1920,24.5,SLV
1921,24.41,SLV
1922,24.68,SLV
1923,24.54,SLV
1924,24.49,SLV
1925,24.45,SLV
1926,24.55,SLV
1927,24.6,SLV
1928,24.57,SLV
1929,24.67,SLV
1930,24.46,SLV
1931,24.42,SLV
1932,24.6,SLV
1933,24.59,SLV
1934,24.36,SLV
1935,24.44,SLV
1936,24.88,SLV
1937,24.63,SLV
1938,24.03,SLV
1939,24.35,SLV
1940,24.26,SLV
1941,24.44,SLV
1942,24.3,SLV
1943,23.94,SLV
1944,24.42,SLV
1945,24.6,SLV
1946,24.56,SLV
1947,24.69,SLV
1948,24.57,SLV
1949,24.44,SLV
1950,23.9,SLV
1951,24.4,SLV
1952,24.5,SLV
1953,24.76,SLV
1954,24.15,SLV
1955,24.25,SLV
1956,24.29,SLV
1957,24.84,SLV
1958,25.12,SLV
1959,24.82,SLV
1960,24.62,SLV
1961,24.5,SLV
1962,24.2,SLV
1963,24.35,SLV
1964,24.48,SLV
1965,24.49,SLV
1966,24.43,SLV
1967,24.16,SLV
1968,23.94,SLV
1969,24.57,SLV
1970,24.29,SLV
1971,24.15,SLV
1972,24.68,SLV
1973,24.58,SLV
1974,24.15,SLV
1975,24.44,SLV
1976,24.37,SLV
1977,24.84,SLV
1978,24.72,SLV
1979,24.7,SLV
1980,24.92,SLV
1981,24.63,SLV
1982,24.85,SLV
1983,25.18,SLV
1984,24.39,SLV
1985,24.68,SLV
1986,24.71,SLV
1987,25.23,SLV
1988,25.07,SLV
1989,24.75,SLV
1990,24.96,SLV
1991,25.09,SLV
1992,25.03,SLV
1993,24.93,SLV
1994,25.15,SLV
1995,25.11,SLV
1996,24.66,SLV
1997,25.22,SLV
1998,25.41,SLV
1999,24.56,SLV
2000,24.84,SLV
2001,25.2,SLV
2002,25.38,SLV
2003,25.44,SLV
2004,25.34,SLV
2005,25.24,SLV
2006,25.25,SLV
2007,25.16,SLV
2008,25.13,SLV
2009,25.51,SLV
2010,25.09,SLV
2011,25.21,SLV
2012,25.32,SLV
2013,25.3,SLV
2014,25.38,SLV
2015,25.71,SLV
2016,25.75,SLV
2017,25.57,SLV
2018,25.04,SLV
2019,25.51,SLV
2020,25.79,SLV
2021,25.56,SLV
1901,22.98,GTM
1902,23.08,GTM
1903,23.08,GTM
1904,22.98,GTM
1905,23.0,GTM
1906,22.72,GTM
1907,22.82,GTM
1908,22.81,GTM
1909,22.98,GTM
1910,22.08,GTM
1911,22.75,GTM
1912,22.9,GTM
1913,22.52,GTM
1914,22.54,GTM
1915,22.73,GTM
1916,22.59,GTM
1917,22.86,GTM
1918,22.91,GTM
1919,22.74,GTM
1920,22.78,GTM
1921,22.66,GTM
1922,23.11,GTM
1923,22.9,GTM
1924,22.78,GTM
1925,22.67,GTM
1926,22.85,GTM
1927,22.9,GTM
1928,22.88,GTM
1929,23.03,GTM
1930,22.7,GTM
1931,22.72,GTM
1932,22.94,GTM
1933,23.0,GTM
1934,22.71,GTM
1935,22.79,GTM
1936,23.21,GTM
1937,22.99,GTM
1938,22.44,GTM
1939,22.71,GTM
1940,22.68,GTM
1941,22.9,GTM
1942,22.78,GTM
1943,22.47,GTM
1944,22.92,GTM
1945,23.12,GTM
1946,23.03,GTM
1947,23.15,GTM
1948,23.11,GTM
1949,23.0,GTM
1950,22.43,GTM
1951,22.82,GTM
1952,22.91,GTM
1953,23.21,GTM
1954,22.57,GTM
1955,22.73,GTM
1956,22.56,GTM
1957,23.15,GTM
1958,23.4,GTM
1959,23.15,GTM
1960,22.92,GTM
1961,22.86,GTM
1962,22.59,GTM
1963,22.65,GTM
1964,22.78,GTM
1965,22.72,GTM
1966,22.62,GTM
1967,22.57,GTM
1968,22.39,GTM
1969,23.07,GTM
1970,22.75,GTM
1971,22.72,GTM
1972,23.23,GTM
1973,23.11,GTM
1974,22.66,GTM
1975,23.15,GTM
1976,22.84,GTM
1977,23.26,GTM
1978,23.12,GTM
1979,23.11,GTM
1980,23.3,GTM
1981,23.11,GTM
1982,23.37,GTM
1983,23.58,GTM
1984,22.82,GTM
1985,23.14,GTM
1986,23.12,GTM
1987,23.42,GTM
1988,23.37,GTM
1989,23.1,GTM
1990,23.31,GTM
1991,23.4,GTM
1992,23.22,GTM
1993,23.16,GTM
1994,23.48,GTM
1995,23.51,GTM
1996,23.09,GTM
1997,23.59,GTM
1998,23.85,GTM
1999,23.05,GTM
2000,23.27,GTM
2001,23.58,GTM
2002,23.73,GTM
2003,23.83,GTM
2004,23.77,GTM
2005,23.73,GTM
2006,23.64,GTM
2007,23.54,GTM
2008,23.58,GTM
2009,23.95,GTM
2010,23.38,GTM
2011,23.78,GTM
2012,23.84,GTM
2013,23.71,GTM
2014,23.71,GTM
2015,24.16,GTM
2016,24.26,GTM
2017,24.05,GTM
2018,23.51,GTM
2019,24.0,GTM
2020,24.35,GTM
2021,24.09,GTM
1901,26.05,GUY
1902,25.96,GUY
1903,25.96,GUY
1904,25.59,GUY
1905,25.81,GUY
1906,25.7,GUY
1907,25.53,GUY
1908,25.69,GUY
1909,25.71,GUY
1910,25.71,GUY
1911,25.49,GUY
1912,25.83,GUY
1913,25.38,GUY
1914,25.43,GUY
1915,25.72,GUY
1916,25.26,GUY
1917,25.22,GUY
1918,25.43,GUY
1919,25.47,GUY
1920,25.35,GUY
1921,25.33,GUY
1922,25.18,GUY
1923,25.23,GUY
1924,25.26,GUY
1925,25.36,GUY
1926,25.69,GUY
1927,25.18,GUY
1928,25.27,GUY
1929,25.09,GUY
1930,25.32,GUY
1931,25.81,GUY
1932,25.74,GUY
1933,25.29,GUY
1934,25.26,GUY
1935,25.47,GUY
1936,25.57,GUY
1937,25.74,GUY
1938,25.52,GUY
1939,25.58,GUY
1940,26.11,GUY
1941,26.26,GUY
1942,26.16,GUY
1943,25.73,GUY
1944,25.93,GUY
1945,25.85,GUY
1946,25.73,GUY
1947,25.92,GUY
1948,25.65,GUY
1949,25.41,GUY
1950,25.47,GUY
1951,25.73,GUY
1952,25.9,GUY
1953,25.75,GUY
1954,25.38,GUY
1955,25.41,GUY
1956,25.3,GUY
1957,25.73,GUY
1958,26.12,GUY
1959,25.67,GUY
1960,25.68,GUY
1961,25.65,GUY
1962,25.65,GUY
1963,25.83,GUY
1964,25.88,GUY
1965,25.72,GUY
1966,25.92,GUY
1967,25.49,GUY
1968,25.44,GUY
1969,26.04,GUY
1970,25.63,GUY
1971,25.33,GUY
1972,25.81,GUY
1973,25.96,GUY
1974,25.59,GUY
1975,25.61,GUY
1976,25.65,GUY
1977,26.01,GUY
1978,26.0,GUY
1979,26.2,GUY
1980,26.22,GUY
1981,25.83,GUY
1982,25.76,GUY
1983,25.91,GUY
1984,25.25,GUY
1985,25.44,GUY
1986,25.8,GUY
1987,26.34,GUY
1988,25.89,GUY
1989,25.51,GUY
1990,25.95,GUY
1991,25.7,GUY
1992,25.39,GUY
1993,25.53,GUY
1994,25.61,GUY
1995,26.19,GUY
1996,25.88,GUY
1997,26.18,GUY
1998,26.63,GUY
1999,25.99,GUY
2000,25.96,GUY
2001,26.13,GUY
2002,25.9,GUY
2003,26.36,GUY
2004,26.12,GUY
2005,26.31,GUY
2006,26.17,GUY
2007,26.06,GUY
2008,25.98,GUY
2009,26.26,GUY
2010,26.51,GUY
2011,26.1,GUY
2012,25.95,GUY
2013,25.98,GUY
2014,26.21,GUY
2015,26.57,GUY
2016,26.47,GUY
2017,26.37,GUY
2018,26.13,GUY
2019,26.44,GUY
2020,26.52,GUY
2021,26.15,GUY
1901,23.99,HTI
1902,23.84,HTI
1903,23.84,HTI
1904,23.57,HTI
1905,23.95,HTI
1906,23.68,HTI
1907,23.57,HTI
1908,23.66,HTI
1909,23.52,HTI
1910,23.37,HTI
1911,23.62,HTI
1912,23.92,HTI
1913,23.45,HTI
1914,23.6,HTI
1915,23.93,HTI
1916,23.61,HTI
1917,23.38,HTI
1918,23.49,HTI
1919,23.69,HTI
1920,23.52,HTI
1921,23.49,HTI
1922,23.29,HTI
1923,23.64,HTI
1924,24.17,HTI
1925,23.82,HTI
1926,24.18,HTI
1927,23.88,HTI
1928,23.8,HTI
1929,23.72,HTI
1930,23.78,HTI
1931,24.12,HTI
1932,24.08,HTI
1933,24.17,HTI
1934,23.9,HTI
1935,23.78,HTI
1936,24.01,HTI
1937,24.01,HTI
1938,23.79,HTI
1939,23.93,HTI
1940,24.15,HTI
1941,24.29,HTI
1942,24.38,HTI
1943,23.93,HTI
1944,23.89,HTI
1945,23.51,HTI
1946,23.7,HTI
1947,24.0,HTI
1948,24.18,HTI
1949,23.52,HTI
1950,23.28,HTI
1951,23.91,HTI
1952,24.08,HTI
1953,24.08,HTI
1954,24.06,HTI
1955,23.76,HTI
1956,23.75,HTI
1957,24.38,HTI
1958,24.68,HTI
1959,24.53,HTI
1960,24.64,HTI
1961,24.38,HTI
1962,24.42,HTI
1963,24.42,HTI
1964,24.41,HTI
1965,24.03,HTI
1966,24.27,HTI
1967,24.01,HTI
1968,23.97,HTI
1969,24.43,HTI
1970,24.11,HTI
1971,23.89,HTI
1972,24.22,HTI
1973,24.34,HTI
1974,23.76,HTI
1975,23.96,HTI
1976,23.79,HTI
1977,24.28,HTI
1978,24.19,HTI
1979,24.24,HTI
1980,24.76,HTI
1981,24.59,HTI
1982,24.41,HTI
1983,24.83,HTI
1984,24.27,HTI
1985,24.2,HTI
1986,24.35,HTI
1987,24.9,HTI
1988,24.72,HTI
1989,24.45,HTI
1990,24.74,HTI
1991,24.71,HTI
1992,24.83,HTI
1993,24.77,HTI
1994,25.05,HTI
1995,24.94,HTI
1996,24.46,HTI
1997,25.03,HTI
1998,25.22,HTI
1999,24.7,HTI
2000,24.65,HTI
2001,24.85,HTI
2002,25.05,HTI
2003,25.04,HTI
2004,24.75,HTI
2005,24.73,HTI
2006,24.93,HTI
2007,24.63,HTI
2008,24.26,HTI
2009,24.57,HTI
2010,24.46,HTI
2011,24.22,HTI
2012,24.68,HTI
2013,24.82,HTI
2014,25.13,HTI
2015,25.45,HTI
2016,25.26,HTI
2017,25.06,HTI
2018,24.99,HTI
2019,25.27,HTI
2020,25.26,HTI
2021,25.06,HTI
1901,24.04,HND
1902,24.15,HND
1903,24.14,HND
1904,24.06,HND
1905,24.11,HND
1906,23.91,HND
1907,23.99,HND
1908,23.97,HND
1909,24.07,HND
1910,23.49,HND
1911,23.96,HND
1912,24.07,HND
1913,23.82,HND
1914,23.83,HND
1915,23.94,HND
1916,23.88,HND
1917,24.07,HND
1918,24.14,HND
1919,24.02,HND
1920,24.02,HND
1921,23.96,HND
1922,24.23,HND
1923,24.08,HND
1924,24.03,HND
1925,24.01,HND
1926,24.09,HND
1927,24.13,HND
1928,24.05,HND
1929,24.19,HND
1930,23.94,HND
1931,23.9,HND
1932,24.12,HND
1933,24.11,HND
1934,23.9,HND
1935,23.98,HND
1936,24.33,HND
1937,24.13,HND
1938,23.63,HND
1939,23.9,HND
1940,23.78,HND
1941,23.98,HND
1942,23.85,HND
1943,23.49,HND
1944,23.84,HND
1945,24.04,HND
1946,24.06,HND
1947,24.19,HND
1948,24.04,HND
1949,23.92,HND
1950,23.44,HND
1951,23.93,HND
1952,24.04,HND
1953,24.28,HND
1954,23.67,HND
1955,23.78,HND
1956,23.86,HND
1957,24.39,HND
1958,24.69,HND
1959,24.43,HND
1960,24.19,HND
1961,24.06,HND
1962,23.77,HND
1963,23.96,HND
1964,24.06,HND
1965,24.06,HND
1966,23.96,HND
1967,23.67,HND
1968,23.48,HND
1969,24.03,HND
1970,23.69,HND
1971,23.59,HND
1972,24.12,HND
1973,24.06,HND
1974,23.64,HND
1975,23.91,HND
1976,23.85,HND
1977,24.29,HND
1978,24.18,HND
1979,24.24,HND
1980,24.46,HND
1981,24.17,HND
1982,24.37,HND
1983,24.73,HND
1984,23.97,HND
1985,24.27,HND
1986,24.23,HND
1987,24.74,HND
1988,24.61,HND
1989,24.31,HND
1990,24.51,HND
1991,24.58,HND
1992,24.53,HND
1993,24.44,HND
1994,24.63,HND
1995,24.67,HND
1996,24.19,HND
1997,24.73,HND
1998,24.91,HND
1999,24.09,HND
2000,24.32,HND
2001,24.7,HND
2002,24.85,HND
2003,24.91,HND
2004,24.77,HND
2005,24.71,HND
2006,24.76,HND
2007,24.68,HND
2008,24.61,HND
2009,24.96,HND
2010,24.58,HND
2011,24.69,HND
2012,24.74,HND
2013,24.78,HND
2014,24.81,HND
2015,25.15,HND
2016,25.18,HND
2017,25.01,HND
2018,24.52,HND
2019,24.97,HND
2020,25.21,HND
2021,25.05,HND
1901,24.54,JAM
1902,24.82,JAM
1903,24.75,JAM
1904,24.7,JAM
1905,24.98,JAM
1906,24.71,JAM
1907,24.88,JAM
1908,24.83,JAM
1909,24.77,JAM
1910,24.38,JAM
1911,24.98,JAM
1912,25.1,JAM
1913,24.92,JAM
1914,24.76,JAM
1915,24.79,JAM
1916,24.77,JAM
1917,24.65,JAM
1918,24.87,JAM
1919,24.92,JAM
1920,24.83,JAM
1921,24.99,JAM
1922,24.91,JAM
1923,24.91,JAM
1924,25.09,JAM
1925,25.12,JAM
1926,25.05,JAM
1927,24.97,JAM
1928,24.82,JAM
1929,25.1,JAM
1930,24.84,JAM
1931,24.79,JAM
1932,25.04,JAM
1933,25.1,JAM
1934,24.94,JAM
1935,24.9,JAM
1936,25.04,JAM
1937,25.03,JAM
1938,24.89,JAM
1939,24.97,JAM
1940,24.61,JAM
1941,25.03,JAM
1942,25.0,JAM
1943,24.69,JAM
1944,24.74,JAM
1945,24.63,JAM
1946,24.84,JAM
1947,24.95,JAM
1948,25.35,JAM
1949,24.68,JAM
1950,24.32,JAM
1951,24.58,JAM
1952,24.73,JAM
1953,24.89,JAM
1954,24.73,JAM
1955,24.53,JAM
1956,24.57,JAM
1957,25.15,JAM
1958,25.16,JAM
1959,25.32,JAM
1960,25.09,JAM
1961,25.25,JAM
1962,25.15,JAM
1963,25.13,JAM
1964,25.26,JAM
1965,24.94,JAM
1966,24.94,JAM
1967,24.67,JAM
1968,24.55,JAM
1969,24.94,JAM
1970,24.63,JAM
1971,24.63,JAM
1972,24.93,JAM
1973,25.04,JAM
1974,24.52,JAM
1975,24.84,JAM
1976,24.77,JAM
1977,25.12,JAM
1978,25.04,JAM
1979,25.08,JAM
1980,25.33,JAM
1981,25.14,JAM
1982,25.29,JAM
1983,25.43,JAM
1984,24.91,JAM
1985,24.99,JAM
1986,25.01,JAM
1987,25.55,JAM
1988,25.42,JAM
1989,25.2,JAM
1990,25.46,JAM
1991,25.56,JAM
1992,25.54,JAM
1993,25.49,JAM
1994,25.82,JAM
1995,25.63,JAM
1996,25.08,JAM
1997,25.8,JAM
1998,25.98,JAM
1999,25.48,JAM
2000,25.41,JAM
2001,25.58,JAM
2002,25.89,JAM
2003,25.91,JAM
2004,25.63,JAM
2005,25.6,JAM
2006,25.88,JAM
2007,25.55,JAM
2008,25.16,JAM
2009,25.4,JAM
2010,24.94,JAM
2011,25.11,JAM
2012,25.37,JAM
2013,25.56,JAM
2014,25.83,JAM
2015,26.26,JAM
2016,25.99,JAM
2017,25.87,JAM
2018,25.85,JAM
2019,26.05,JAM
2020,26.05,JAM
2021,25.8,JAM
1901,20.26,MEX
1902,20.58,MEX
1903,19.76,MEX
1904,20.22,MEX
1905,20.03,MEX
1906,20.07,MEX
1907,20.54,MEX
1908,20.36,MEX
1909,20.42,MEX
1910,20.33,MEX
1911,20.36,MEX
1912,19.79,MEX
1913,19.84,MEX
1914,20.17,MEX
1915,20.28,MEX
1916,20.65,MEX
1917,20.34,MEX
1918,20.23,MEX
1919,19.79,MEX
1920,20.04,MEX
1921,20.58,MEX
1922,20.42,MEX
1923,20.21,MEX
1924,20.0,MEX
1925,20.23,MEX
1926,20.22,MEX
1927,20.71,MEX
1928,20.42,MEX
1929,20.29,MEX
1930,20.11,MEX
1931,20.12,MEX
1932,20.25,MEX
1933,20.76,MEX
1934,20.74,MEX
1935,20.44,MEX
1936,20.41,MEX
1937,20.53,MEX
1938,20.55,MEX
1939,20.54,MEX
1940,20.51,MEX
1941,20.56,MEX
1942,20.63,MEX
1943,20.76,MEX
1944,20.48,MEX
1945,20.98,MEX
1946,20.99,MEX
1947,20.74,MEX
1948,20.95,MEX
1949,20.84,MEX
1950,21.19,MEX
1951,20.93,MEX
1952,20.7,MEX
1953,20.99,MEX
1954,21.01,MEX
1955,20.5,MEX
1956,20.62,MEX
1957,20.96,MEX
1958,20.6,MEX
1959,20.65,MEX
1960,20.58,MEX
1961,20.57,MEX
1962,20.9,MEX
1963,20.74,MEX
1964,20.43,MEX
1965,20.58,MEX
1966,20.2,MEX
1967,20.49,MEX
1968,20.11,MEX
1969,20.77,MEX
1970,20.36,MEX
1971,20.5,MEX
1972,20.85,MEX
1973,20.42,MEX
1974,20.46,MEX
1975,20.27,MEX
1976,19.91,MEX
1977,20.73,MEX
1978,20.53,MEX
1979,20.25,MEX
1980,20.78,MEX
1981,20.64,MEX
1982,20.89,MEX
1983,20.62,MEX
1984,20.48,MEX
1985,20.54,MEX
1986,20.77,MEX
1987,20.41,MEX
1988,20.52,MEX
1989,20.91,MEX
1990,20.96,MEX
1991,20.9,MEX
1992,20.68,MEX
1993,20.96,MEX
1994,21.38,MEX
1995,21.31,MEX
1996,21.17,MEX
1997,20.91,MEX
1998,21.44,MEX
1999,21.0,MEX
2000,21.17,MEX
2001,21.0,MEX
2002,21.19,MEX
2003,21.26,MEX
2004,20.98,MEX
2005,21.28,MEX
2006,21.45,MEX
2007,21.09,MEX
2008,21.06,MEX
2009,21.55,MEX
2010,20.78,MEX
2011,21.59,MEX
2012,21.66,MEX
2013,21.16,MEX
2014,21.39,MEX
2015,21.54,MEX
2016,21.75,MEX
2017,22.03,MEX
2018,21.66,MEX
2019,21.88,MEX
2020,22.08,MEX
2021,21.86,MEX
1901,25.34,NIC
1902,25.36,NIC
1903,25.36,NIC
1904,25.34,NIC
1905,25.35,NIC
1906,25.31,NIC
1907,25.33,NIC
1908,25.32,NIC
1909,25.35,NIC
1910,25.21,NIC
1911,25.32,NIC
1912,25.34,NIC
1913,25.29,NIC
1914,25.29,NIC
1915,25.31,NIC
1916,25.3,NIC
1917,25.34,NIC
1918,25.36,NIC
1919,25.33,NIC
1920,25.33,NIC
1921,25.32,NIC
1922,25.38,NIC
1923,25.35,NIC
1924,25.33,NIC
1925,25.33,NIC
1926,25.35,NIC
1927,25.36,NIC
1928,25.34,NIC
1929,25.38,NIC
1930,25.31,NIC
1931,25.36,NIC
1932,25.41,NIC
1933,25.32,NIC
1934,25.28,NIC
1935,25.25,NIC
1936,25.63,NIC
1937,25.44,NIC
1938,24.95,NIC
1939,25.2,NIC
1940,25.16,NIC
1941,25.22,NIC
1942,25.13,NIC
1943,24.71,NIC
1944,24.93,NIC
1945,25.17,NIC
1946,25.23,NIC
1947,25.36,NIC
1948,25.15,NIC
1949,25.02,NIC
1950,24.7,NIC
1951,25.28,NIC
1952,25.4,NIC
1953,25.54,NIC
1954,24.98,NIC
1955,25.06,NIC
1956,25.31,NIC
1957,25.8,NIC
1958,26.06,NIC
1959,25.74,NIC
1960,25.55,NIC
1961,25.32,NIC
1962,25.06,NIC
1963,25.31,NIC
1964,25.35,NIC
1965,25.44,NIC
1966,25.43,NIC
1967,25.05,NIC
1968,24.84,NIC
1969,25.26,NIC
1970,24.88,NIC
1971,24.8,NIC
1972,25.33,NIC
1973,25.33,NIC
1974,24.87,NIC
1975,24.92,NIC
1976,25.04,NIC
1977,25.38,NIC
1978,25.45,NIC
1979,25.53,NIC
1980,25.7,NIC
1981,25.45,NIC
1982,25.62,NIC
1983,26.04,NIC
1984,25.23,NIC
1985,25.48,NIC
1986,25.49,NIC
1987,26.09,NIC
1988,25.89,NIC
1989,25.65,NIC
1990,25.83,NIC
1991,25.93,NIC
1992,25.94,NIC
1993,25.88,NIC
1994,25.96,NIC
1995,25.96,NIC
1996,25.45,NIC
1997,26.04,NIC
1998,26.21,NIC
1999,25.33,NIC
2000,25.57,NIC
2001,25.96,NIC
2002,26.1,NIC
2003,26.16,NIC
2004,25.99,NIC
2005,25.93,NIC
2006,26.05,NIC
2007,25.89,NIC
2008,25.84,NIC
2009,26.19,NIC
2010,25.94,NIC
2011,25.86,NIC
2012,25.87,NIC
2013,25.98,NIC
2014,26.09,NIC
2015,26.3,NIC
2016,26.33,NIC
2017,26.18,NIC
2018,25.73,NIC
2019,26.1,NIC
2020,26.33,NIC
2021,26.19,NIC
1901,25.15,PAN
1902,25.15,PAN
1903,25.15,PAN
1904,25.15,PAN
1905,25.15,PAN
1906,25.15,PAN
1907,25.15,PAN
1908,25.15,PAN
1909,25.15,PAN
1910,25.15,PAN
1911,25.15,PAN
1912,25.15,PAN
1913,25.15,PAN
1914,25.15,PAN
1915,25.31,PAN
1916,25.21,PAN
1917,25.1,PAN
1918,25.08,PAN
1919,25.15,PAN
1920,25.15,PAN
1921,25.05,PAN
1922,25.03,PAN
1923,25.01,PAN
1924,25.12,PAN
1925,24.98,PAN
1926,25.27,PAN
1927,25.05,PAN
1928,25.11,PAN
1929,25.14,PAN
1930,25.17,PAN
1931,25.29,PAN
1932,25.12,PAN
1933,25.21,PAN
1934,25.21,PAN
1935,25.2,PAN
1936,25.35,PAN
1937,25.22,PAN
1938,25.15,PAN
1939,25.2,PAN
1940,25.21,PAN
1941,25.82,PAN
1942,25.19,PAN
1943,25.12,PAN
1944,25.06,PAN
1945,25.12,PAN
1946,25.22,PAN
1947,25.37,PAN
1948,25.37,PAN
1949,25.06,PAN
1950,24.79,PAN
1951,25.3,PAN
1952,25.41,PAN
1953,25.41,PAN
1954,24.94,PAN
1955,24.94,PAN
1956,25.33,PAN
1957,25.76,PAN
1958,25.97,PAN
1959,25.52,PAN
1960,25.4,PAN
1961,25.25,PAN
1962,25.03,PAN
1963,25.39,PAN
1964,25.14,PAN
1965,25.25,PAN
1966,25.34,PAN
1967,24.96,PAN
1968,24.9,PAN
1969,25.32,PAN
1970,25.02,PAN
1971,24.63,PAN
1972,25.24,PAN
1973,25.19,PAN
1974,24.63,PAN
1975,24.42,PAN
1976,24.78,PAN
1977,25.11,PAN
1978,25.22,PAN
1979,25.28,PAN
1980,25.43,PAN
1981,25.16,PAN
1982,25.31,PAN
1983,25.81,PAN
1984,24.89,PAN
1985,25.05,PAN
1986,25.19,PAN
1987,25.76,PAN
1988,25.33,PAN
1989,25.26,PAN
1990,25.6,PAN
1991,25.63,PAN
1992,25.68,PAN
1993,25.7,PAN
1994,25.55,PAN
1995,25.63,PAN
1996,25.18,PAN
1997,25.63,PAN
1998,25.85,PAN
1999,24.99,PAN
2000,25.06,PAN
2001,25.51,PAN
2002,25.66,PAN
2003,25.71,PAN
2004,25.5,PAN
2005,25.49,PAN
2006,25.56,PAN
2007,25.41,PAN
2008,25.19,PAN
2009,25.67,PAN
2010,25.65,PAN
2011,25.42,PAN
2012,25.63,PAN
2013,25.82,PAN
2014,25.97,PAN
2015,26.07,PAN
2016,26.07,PAN
2017,25.64,PAN
2018,25.57,PAN
2019,25.91,PAN
2020,25.9,PAN
2021,25.62,PAN
1901,24.12,PRY
1902,24.25,PRY
1903,23.57,PRY
1904,23.53,PRY
1905,23.55,PRY
1906,24.15,PRY
1907,23.67,PRY
1908,23.77,PRY
1909,23.58,PRY
1910,23.72,PRY
1911,23.37,PRY
1912,23.63,PRY
1913,23.31,PRY
1914,23.34,PRY
1915,23.32,PRY
1916,23.03,PRY
1917,22.7,PRY
1918,22.99,PRY
1919,23.94,PRY
1920,23.4,PRY
1921,23.2,PRY
1922,23.12,PRY
1923,23.25,PRY
1924,22.98,PRY
1925,23.38,PRY
1926,24.09,PRY
1927,23.35,PRY
1928,23.22,PRY
1929,23.31,PRY
1930,23.74,PRY
1931,23.26,PRY
1932,24.02,PRY
1933,23.92,PRY
1934,23.79,PRY
1935,24.12,PRY
1936,24.18,PRY
1937,23.99,PRY
1938,23.62,PRY
1939,23.83,PRY
1940,23.94,PRY
1941,23.57,PRY
1942,23.42,PRY
1943,23.73,PRY
1944,24.6,PRY
1945,24.35,PRY
1946,23.81,PRY
1947,23.75,PRY
1948,24.24,PRY
1949,23.92,PRY
1950,23.9,PRY
1951,24.03,PRY
1952,23.89,PRY
1953,24.33,PRY
1954,23.94,PRY
1955,23.75,PRY
1956,22.93,PRY
1957,23.61,PRY
1958,23.9,PRY
1959,24.02,PRY
1960,23.77,PRY
1961,24.6,PRY
1962,23.34,PRY
1963,24.78,PRY
1964,23.63,PRY
1965,23.89,PRY
1966,23.99,PRY
1967,24.25,PRY
1968,23.7,PRY
1969,23.94,PRY
1970,23.91,PRY
1971,23.13,PRY
1972,23.79,PRY
1973,23.46,PRY
1974,23.21,PRY
1975,23.33,PRY
1976,22.94,PRY
1977,24.18,PRY
1978,24.05,PRY
1979,23.46,PRY
1980,23.69,PRY
1981,23.57,PRY
1982,23.64,PRY
1983,23.08,PRY
1984,23.54,PRY
1985,23.94,PRY
1986,24.05,PRY
1987,23.31,PRY
1988,23.44,PRY
1989,23.25,PRY
1990,23.53,PRY
1991,23.94,PRY
1992,23.12,PRY
1993,23.63,PRY
1994,24.45,PRY
1995,23.81,PRY
1996,23.32,PRY
1997,24.25,PRY
1998,23.45,PRY
1999,23.6,PRY
2000,23.59,PRY
2001,24.24,PRY
2002,24.37,PRY
2003,23.93,PRY
2004,23.64,PRY
2005,23.74,PRY
2006,24.21,PRY
2007,23.68,PRY
2008,23.66,PRY
2009,23.91,PRY
2010,23.49,PRY
2011,23.75,PRY
2012,24.39,PRY
2013,23.73,PRY
2014,24.48,PRY
2015,24.56,PRY
2016,23.55,PRY
2017,24.35,PRY
2018,23.74,PRY
2019,24.25,PRY
2020,24.62,PRY
2021,24.01,PRY
1901,19.22,PER
1902,19.21,PER
1903,19.02,PER
1904,18.93,PER
1905,19.16,PER
1906,19.06,PER
1907,19.03,PER
1908,19.02,PER
1909,18.9,PER
1910,18.56,PER
1911,18.97,PER
1912,19.3,PER
1913,19.36,PER
1914,19.32,PER
1915,19.49,PER
1916,18.79,PER
1917,19.06,PER
1918,19.41,PER
1919,19.41,PER
1920,18.98,PER
1921,18.69,PER
1922,19.43,PER
1923,19.45,PER
1924,19.44,PER
1925,19.47,PER
1926,19.75,PER
1927,19.69,PER
1928,19.71,PER
1929,19.65,PER
1930,19.53,PER
1931,19.59,PER
1932,19.52,PER
1933,19.42,PER
1934,19.42,PER
1935,19.47,PER
1936,19.56,PER
1937,19.74,PER
1938,19.58,PER
1939,19.78,PER
1940,19.97,PER
1941,20.21,PER
1942,19.96,PER
1943,20.68,PER
1944,20.51,PER
1945,20.27,PER
1946,19.81,PER
1947,19.51,PER
1948,19.39,PER
1949,19.0,PER
1950,18.59,PER
1951,19.1,PER
1952,18.89,PER
1953,19.28,PER
1954,18.68,PER
1955,18.74,PER
1956,18.55,PER
1957,19.37,PER
1958,19.37,PER
1959,19.28,PER
1960,19.24,PER
1961,19.5,PER
1962,19.46,PER
1963,19.64,PER
1964,19.28,PER
1965,19.72,PER
1966,19.46,PER
1967,19.09,PER
1968,19.17,PER
1969,20.0,PER
1970,19.38,PER
1971,19.03,PER
1972,19.87,PER
1973,19.24,PER
1974,18.65,PER
1975,18.72,PER
1976,19.15,PER
1977,19.31,PER
1978,19.25,PER
1979,19.53,PER
1980,19.62,PER
1981,19.28,PER
1982,19.67,PER
1983,20.28,PER
1984,19.3,PER
1985,19.11,PER
1986,19.24,PER
1987,19.98,PER
1988,19.44,PER
1989,19.16,PER
1990,19.45,PER
1991,19.52,PER
1992,19.93,PER
1993,19.7,PER
1994,19.7,PER
1995,19.76,PER
1996,19.17,PER
1997,20.18,PER
1998,20.43,PER
1999,19.29,PER
2000,19.48,PER
2001,19.34,PER
2002,19.74,PER
2003,19.69,PER
2004,19.76,PER
2005,19.65,PER
2006,19.77,PER
2007,19.21,PER
2008,19.45,PER
2009,19.8,PER
2010,19.77,PER
2011,19.51,PER
2012,19.71,PER
2013,19.34,PER
2014,19.73,PER
2015,20.27,PER
2016,20.21,PER
2017,19.98,PER
2018,19.58,PER
2019,19.89,PER
2020,19.95,PER
2021,19.79,PER
1901,23.67,DOM
1902,23.35,DOM
1903,23.41,DOM
1904,22.99,DOM
1905,23.4,DOM
1906,23.14,DOM
1907,22.9,DOM
1908,23.05,DOM
1909,22.9,DOM
1910,22.82,DOM
1911,22.96,DOM
1912,23.33,DOM
1913,22.69,DOM
1914,23.0,DOM
1915,23.51,DOM
1916,23.05,DOM
1917,22.73,DOM
1918,22.83,DOM
1919,23.08,DOM
1920,22.88,DOM
1921,22.79,DOM
1922,22.6,DOM
1923,23.08,DOM
1924,23.66,DOM
1925,23.15,DOM
1926,23.68,DOM
1927,23.3,DOM
1928,23.28,DOM
1929,23.03,DOM
1930,23.22,DOM
1931,23.8,DOM
1932,23.7,DOM
1933,23.71,DOM
1934,23.46,DOM
1935,23.25,DOM
1936,23.52,DOM
1937,23.53,DOM
1938,23.27,DOM
1939,23.45,DOM
1940,23.9,DOM
1941,24.0,DOM
1942,24.1,DOM
1943,23.57,DOM
1944,23.57,DOM
1945,23.12,DOM
1946,23.32,DOM
1947,23.65,DOM
1948,23.79,DOM
1949,23.17,DOM
1950,22.95,DOM
1951,23.57,DOM
1952,23.65,DOM
1953,23.64,DOM
1954,23.66,DOM
1955,23.41,DOM
1956,23.35,DOM
1957,23.98,DOM
1958,24.32,DOM
1959,24.13,DOM
1960,24.36,DOM
1961,24.01,DOM
1962,24.05,DOM
1963,24.15,DOM
1964,24.11,DOM
1965,23.7,DOM
1966,23.93,DOM
1967,23.67,DOM
1968,23.66,DOM
1969,24.11,DOM
1970,23.86,DOM
1971,23.65,DOM
1972,23.94,DOM
1973,24.07,DOM
1974,23.57,DOM
1975,23.69,DOM
1976,23.45,DOM
1977,23.95,DOM
1978,23.9,DOM
1979,23.89,DOM
1980,24.47,DOM
1981,24.29,DOM
1982,24.06,DOM
1983,24.57,DOM
1984,23.91,DOM
1985,23.85,DOM
1986,24.04,DOM
1987,24.53,DOM
1988,24.37,DOM
1989,24.06,DOM
1990,24.38,DOM
1991,24.39,DOM
1992,24.5,DOM
1993,24.46,DOM
1994,24.69,DOM
1995,24.62,DOM
1996,24.2,DOM
1997,24.65,DOM
1998,24.85,DOM
1999,24.33,DOM
2000,24.29,DOM
2001,24.53,DOM
2002,24.67,DOM
2003,24.65,DOM
2004,24.35,DOM
2005,24.36,DOM
2006,24.52,DOM
2007,24.28,DOM
2008,23.9,DOM
2009,24.26,DOM
2010,24.27,DOM
2011,23.88,DOM
2012,24.35,DOM
2013,24.48,DOM
2014,24.77,DOM
2015,25.05,DOM
2016,24.88,DOM
2017,24.69,DOM
2018,24.57,DOM
2019,24.89,DOM
2020,24.86,DOM
2021,24.7,DOM
1901,26.51,KNA
1902,26.11,KNA
1903,26.21,KNA
1904,25.71,KNA
1905,26.08,KNA
1906,25.88,KNA
1907,25.58,KNA
1908,25.76,KNA
1909,25.64,KNA
1910,25.65,KNA
1911,25.68,KNA
1912,25.98,KNA
1913,25.35,KNA
1914,25.73,KNA
1915,26.3,KNA
1916,25.8,KNA
1917,25.58,KNA
1918,25.68,KNA
1919,25.78,KNA
1920,25.64,KNA
1921,25.61,KNA
1922,25.5,KNA
1923,25.91,KNA
1924,26.28,KNA
1925,25.84,KNA
1926,26.38,KNA
1927,26.0,KNA
1928,26.04,KNA
1929,25.69,KNA
1930,25.94,KNA
1931,26.65,KNA
1932,26.63,KNA
1933,26.27,KNA
1934,26.12,KNA
1935,26.06,KNA
1936,26.31,KNA
1937,26.57,KNA
1938,26.1,KNA
1939,26.28,KNA
1940,26.86,KNA
1941,26.9,KNA
1942,26.98,KNA
1943,26.4,KNA
1944,26.57,KNA
1945,26.13,KNA
1946,26.27,KNA
1947,26.56,KNA
1948,26.57,KNA
1949,26.28,KNA
1950,26.1,KNA
1951,26.65,KNA
1952,26.66,KNA
1953,26.53,KNA
1954,26.37,KNA
1955,26.34,KNA
1956,26.21,KNA
1957,26.48,KNA
1958,26.95,KNA
1959,26.57,KNA
1960,26.81,KNA
1961,26.52,KNA
1962,26.62,KNA
1963,26.78,KNA
1964,26.64,KNA
1965,26.51,KNA
1966,26.78,KNA
1967,26.51,KNA
1968,26.55,KNA
1969,27.05,KNA
1970,26.84,KNA
1971,26.43,KNA
1972,26.68,KNA
1973,26.8,KNA
1974,26.38,KNA
1975,26.41,KNA
1976,26.27,KNA
1977,26.77,KNA
1978,26.86,KNA
1979,26.82,KNA
1980,27.42,KNA
1981,27.38,KNA
1982,27.03,KNA
1983,27.62,KNA
1984,27.04,KNA
1985,26.97,KNA
1986,27.13,KNA
1987,27.64,KNA
1988,27.29,KNA
1989,26.93,KNA
1990,27.24,KNA
1991,27.29,KNA
1992,27.2,KNA
1993,27.38,KNA
1994,27.25,KNA
1995,27.44,KNA
1996,27.2,KNA
1997,27.39,KNA
1998,27.8,KNA
1999,27.28,KNA
2000,27.14,KNA
2001,27.42,KNA
2002,27.59,KNA
2003,27.51,KNA
2004,27.24,KNA
2005,27.61,KNA
2006,27.41,KNA
2007,27.38,KNA
2008,27.07,KNA
2009,27.53,KNA
2010,27.78,KNA
2011,27.35,KNA
2012,27.54,KNA
2013,27.58,KNA
2014,27.65,KNA
2015,27.82,KNA
2016,27.77,KNA
2017,27.64,KNA
2018,27.32,KNA
2019,27.75,KNA
2020,27.73,KNA
2021,27.61,KNA
1901,25.41,VCT
1902,25.17,VCT
1903,25.24,VCT
1904,24.99,VCT
1905,25.14,VCT
1906,25.08,VCT
1907,24.98,VCT
1908,25.0,VCT
1909,24.98,VCT
1910,24.99,VCT
1911,25.05,VCT
1912,25.17,VCT
1913,24.89,VCT
1914,24.93,VCT
1915,25.23,VCT
1916,25.0,VCT
1917,24.9,VCT
1918,24.96,VCT
1919,25.02,VCT
1920,24.95,VCT
1921,24.92,VCT
1922,24.79,VCT
1923,24.94,VCT
1924,25.04,VCT
1925,24.94,VCT
1926,25.3,VCT
1927,24.96,VCT
1928,25.02,VCT
1929,24.84,VCT
1930,25.12,VCT
1931,25.46,VCT
1932,25.51,VCT
1933,25.08,VCT
1934,25.1,VCT
1935,24.93,VCT
1936,25.1,VCT
1937,25.41,VCT
1938,25.0,VCT
1939,25.11,VCT
1940,25.79,VCT
1941,25.89,VCT
1942,25.81,VCT
1943,25.28,VCT
1944,25.47,VCT
1945,25.12,VCT
1946,25.19,VCT
1947,25.45,VCT
1948,25.31,VCT
1949,25.07,VCT
1950,24.89,VCT
1951,25.39,VCT
1952,25.45,VCT
1953,25.29,VCT
1954,24.92,VCT
1955,25.01,VCT
1956,25.04,VCT
1957,25.22,VCT
1958,25.68,VCT
1959,25.39,VCT
1960,25.5,VCT
1961,25.43,VCT
1962,25.36,VCT
1963,25.56,VCT
1964,25.18,VCT
1965,25.27,VCT
1966,25.43,VCT
1967,25.16,VCT
1968,25.21,VCT
1969,25.86,VCT
1970,25.51,VCT
1971,25.01,VCT
1972,25.3,VCT
1973,25.65,VCT
1974,25.19,VCT
1975,25.26,VCT
1976,25.13,VCT
1977,25.57,VCT
1978,25.71,VCT
1979,25.88,VCT
1980,25.99,VCT
1981,26.04,VCT
1982,25.76,VCT
1983,26.03,VCT
1984,25.52,VCT
1985,25.33,VCT
1986,25.5,VCT
1987,26.35,VCT
1988,26.05,VCT
1989,25.6,VCT
1990,26.04,VCT
1991,25.91,VCT
1992,25.75,VCT
1993,26.06,VCT
1994,25.69,VCT
1995,26.08,VCT
1996,25.83,VCT
1997,26.03,VCT
1998,26.6,VCT
1999,26.09,VCT
2000,25.77,VCT
2001,26.14,VCT
2002,26.22,VCT
2003,26.31,VCT
2004,26.1,VCT
2005,26.46,VCT
2006,26.26,VCT
2007,26.04,VCT
2008,25.93,VCT
2009,26.3,VCT
2010,26.6,VCT
2011,26.26,VCT
2012,26.15,VCT
2013,26.31,VCT
2014,26.27,VCT
2015,26.51,VCT
2016,26.48,VCT
2017,26.32,VCT
2018,25.97,VCT
2019,26.26,VCT
2020,26.33,VCT
2021,26.17,VCT
1901,26.23,LCA
1902,26.02,LCA
1903,26.07,LCA
1904,25.79,LCA
1905,25.97,LCA
1906,25.91,LCA
1907,25.75,LCA
1908,25.85,LCA
1909,25.79,LCA
1910,25.82,LCA
1911,25.86,LCA
1912,26.0,LCA
1913,25.64,LCA
1914,25.77,LCA
1915,26.08,LCA
1916,25.79,LCA
1917,25.82,LCA
1918,25.87,LCA
1919,25.85,LCA
1920,25.75,LCA
1921,25.83,LCA
1922,25.75,LCA
1923,25.89,LCA
1924,25.98,LCA
1925,25.89,LCA
1926,26.16,LCA
1927,25.92,LCA
1928,25.94,LCA
1929,25.78,LCA
1930,25.92,LCA
1931,26.27,LCA
1932,26.31,LCA
1933,26.04,LCA
1934,26.01,LCA
1935,25.72,LCA
1936,25.91,LCA
1937,26.25,LCA
1938,25.82,LCA
1939,25.93,LCA
1940,26.58,LCA
1941,26.66,LCA
1942,26.6,LCA
1943,26.08,LCA
1944,26.27,LCA
1945,25.92,LCA
1946,25.99,LCA
1947,26.25,LCA
1948,26.13,LCA
1949,25.86,LCA
1950,25.69,LCA
1951,26.07,LCA
1952,26.16,LCA
1953,26.01,LCA
1954,25.68,LCA
1955,25.79,LCA
1956,25.77,LCA
1957,26.0,LCA
1958,26.49,LCA
1959,26.21,LCA
1960,26.33,LCA
1961,26.26,LCA
1962,26.18,LCA
1963,26.4,LCA
1964,26.07,LCA
1965,26.11,LCA
1966,26.26,LCA
1967,26.0,LCA
1968,26.07,LCA
1969,26.7,LCA
1970,26.35,LCA
1971,25.9,LCA
1972,26.14,LCA
1973,26.41,LCA
1974,26.07,LCA
1975,26.08,LCA
1976,25.99,LCA
1977,26.46,LCA
1978,26.54,LCA
1979,26.61,LCA
1980,26.8,LCA
1981,26.76,LCA
1982,26.43,LCA
1983,26.86,LCA
1984,26.36,LCA
1985,26.24,LCA
1986,26.45,LCA
1987,27.25,LCA
1988,26.92,LCA
1989,26.43,LCA
1990,26.76,LCA
1991,26.79,LCA
1992,26.64,LCA
1993,26.96,LCA
1994,26.64,LCA
1995,26.92,LCA
1996,26.71,LCA
1997,26.86,LCA
1998,27.4,LCA
1999,26.93,LCA
2000,26.64,LCA
2001,26.98,LCA
2002,27.12,LCA
2003,27.1,LCA
2004,26.85,LCA
2005,27.25,LCA
2006,27.05,LCA
2007,26.92,LCA
2008,26.71,LCA
2009,27.13,LCA
2010,27.38,LCA
2011,27.07,LCA
2012,27.06,LCA
2013,27.15,LCA
2014,27.12,LCA
2015,27.33,LCA
2016,27.31,LCA
2017,27.14,LCA
2018,26.79,LCA
2019,27.1,LCA
2020,27.18,LCA
2021,27.04,LCA
1901,26.65,SUR
1902,26.66,SUR
1903,26.64,SUR
1904,26.24,SUR
1905,26.47,SUR
1906,26.29,SUR
1907,26.13,SUR
1908,26.33,SUR
1909,26.41,SUR
1910,26.35,SUR
1911,25.81,SUR
1912,26.22,SUR
1913,25.75,SUR
1914,25.86,SUR
1915,26.21,SUR
1916,25.75,SUR
1917,25.52,SUR
1918,25.77,SUR
1919,25.96,SUR
1920,25.85,SUR
1921,25.72,SUR
1922,25.65,SUR
1923,25.72,SUR
1924,25.75,SUR
1925,25.85,SUR
1926,26.18,SUR
1927,25.74,SUR
1928,25.8,SUR
1929,25.61,SUR
1930,25.82,SUR
1931,26.31,SUR
1932,26.18,SUR
1933,25.84,SUR
1934,25.76,SUR
1935,26.02,SUR
1936,26.11,SUR
1937,26.21,SUR
1938,26.04,SUR
1939,26.11,SUR
1940,26.55,SUR
1941,26.61,SUR
1942,26.58,SUR
1943,26.2,SUR
1944,26.38,SUR
1945,26.36,SUR
1946,26.2,SUR
1947,26.38,SUR
1948,26.11,SUR
1949,25.86,SUR
1950,25.97,SUR
1951,26.1,SUR
1952,26.27,SUR
1953,26.13,SUR
1954,25.81,SUR
1955,25.81,SUR
1956,25.67,SUR
1957,26.13,SUR
1958,26.45,SUR
1959,25.98,SUR
1960,25.96,SUR
1961,26.03,SUR
1962,26.07,SUR
1963,26.21,SUR
1964,26.34,SUR
1965,26.14,SUR
1966,26.33,SUR
1967,25.93,SUR
1968,25.86,SUR
1969,26.46,SUR
1970,26.09,SUR
1971,25.83,SUR
1972,26.33,SUR
1973,26.38,SUR
1974,25.99,SUR
1975,26.05,SUR
1976,26.15,SUR
1977,26.46,SUR
1978,26.44,SUR
1979,26.63,SUR
1980,26.65,SUR
1981,26.25,SUR
1982,26.18,SUR
1983,26.4,SUR
1984,25.73,SUR
1985,25.9,SUR
1986,26.28,SUR
1987,26.81,SUR
1988,26.34,SUR
1989,25.99,SUR
1990,26.35,SUR
1991,26.13,SUR
1992,25.95,SUR
1993,25.96,SUR
1994,26.09,SUR
1995,26.6,SUR
1996,26.42,SUR
1997,26.69,SUR
1998,27.08,SUR
1999,26.47,SUR
2000,26.42,SUR
2001,26.55,SUR
2002,26.45,SUR
2003,26.78,SUR
2004,26.62,SUR
2005,26.86,SUR
2006,26.61,SUR
2007,26.58,SUR
2008,26.41,SUR
2009,26.65,SUR
2010,26.94,SUR
2011,26.55,SUR
2012,26.48,SUR
2013,26.45,SUR
2014,26.61,SUR
2015,26.94,SUR
2016,26.91,SUR
2017,26.75,SUR
2018,26.53,SUR
2019,26.84,SUR
2020,26.9,SUR
2021,26.56,SUR
1901,25.93,TTO
1902,25.66,TTO
1903,25.69,TTO
1904,25.39,TTO
1905,25.55,TTO
1906,25.54,TTO
1907,25.4,TTO
1908,25.41,TTO
1909,25.42,TTO
1910,25.44,TTO
1911,25.56,TTO
1912,25.68,TTO
1913,25.37,TTO
1914,25.25,TTO
1915,25.66,TTO
1916,25.29,TTO
1917,25.44,TTO
1918,25.53,TTO
1919,25.44,TTO
1920,25.3,TTO
1921,25.43,TTO
1922,25.25,TTO
1923,25.35,TTO
1924,25.29,TTO
1925,25.38,TTO
1926,25.83,TTO
1927,25.34,TTO
1928,25.43,TTO
1929,25.21,TTO
1930,25.49,TTO
1931,25.92,TTO
1932,26.09,TTO
1933,25.46,TTO
1934,25.6,TTO
1935,25.55,TTO
1936,25.69,TTO
1937,25.94,TTO
1938,25.65,TTO
1939,25.73,TTO
1940,26.4,TTO
1941,26.54,TTO
1942,26.41,TTO
1943,25.91,TTO
1944,26.11,TTO
1945,25.88,TTO
1946,25.86,TTO
1947,26.15,TTO
1948,25.88,TTO
1949,25.71,TTO
1950,25.55,TTO
1951,25.86,TTO
1952,26.04,TTO
1953,25.88,TTO
1954,25.46,TTO
1955,25.52,TTO
1956,25.52,TTO
1957,25.76,TTO
1958,26.25,TTO
1959,25.95,TTO
1960,26.05,TTO
1961,25.97,TTO
1962,25.89,TTO
1963,26.08,TTO
1964,25.73,TTO
1965,25.74,TTO
1966,25.96,TTO
1967,25.62,TTO
1968,25.71,TTO
1969,26.43,TTO
1970,25.98,TTO
1971,25.52,TTO
1972,25.74,TTO
1973,26.11,TTO
1974,25.66,TTO
1975,25.71,TTO
1976,25.63,TTO
1977,26.12,TTO
1978,26.23,TTO
1979,26.38,TTO
1980,26.44,TTO
1981,26.44,TTO
1982,26.17,TTO
1983,26.34,TTO
1984,25.82,TTO
1985,25.66,TTO
1986,25.96,TTO
1987,26.84,TTO
1988,26.51,TTO
1989,25.94,TTO
1990,26.31,TTO
1991,26.32,TTO
1992,26.01,TTO
1993,26.37,TTO
1994,26.07,TTO
1995,26.5,TTO
1996,26.19,TTO
1997,26.33,TTO
1998,26.95,TTO
1999,26.46,TTO
2000,26.07,TTO
2001,26.33,TTO
2002,26.29,TTO
2003,26.72,TTO
2004,26.41,TTO
2005,26.69,TTO
2006,26.62,TTO
2007,26.35,TTO
2008,26.38,TTO
2009,26.68,TTO
2010,26.98,TTO
2011,26.52,TTO
2012,26.27,TTO
2013,26.41,TTO
2014,26.54,TTO
2015,26.92,TTO
2016,26.89,TTO
2017,26.74,TTO
2018,26.38,TTO
2019,26.69,TTO
2020,26.78,TTO
2021,26.54,TTO
1901,17.33,URY
1902,17.37,URY
1903,16.97,URY
1904,16.89,URY
1905,16.68,URY
1906,17.47,URY
1907,16.67,URY
1908,17.13,URY
1909,16.92,URY
1910,17.07,URY
1911,16.47,URY
1912,17.15,URY
1913,17.89,URY
1914,17.34,URY
1915,17.09,URY
1916,17.23,URY
1917,17.06,URY
1918,17.01,URY
1919,17.42,URY
1920,17.36,URY
1921,16.88,URY
1922,16.93,URY
1923,16.85,URY
1924,16.48,URY
1925,17.25,URY
1926,17.85,URY
1927,17.55,URY
1928,16.95,URY
1929,17.61,URY
1930,17.56,URY
1931,17.0,URY
1932,18.12,URY
1933,17.59,URY
1934,17.19,URY
1935,17.42,URY
1936,17.44,URY
1937,17.12,URY
1938,17.26,URY
1939,17.51,URY
1940,17.46,URY
1941,16.99,URY
1942,17.15,URY
1943,17.93,URY
1944,18.09,URY
1945,18.03,URY
1946,17.28,URY
1947,17.36,URY
1948,17.35,URY
1949,17.46,URY
1950,17.47,URY
1951,17.93,URY
1952,18.1,URY
1953,17.95,URY
1954,17.59,URY
1955,17.06,URY
1956,16.83,URY
1957,17.68,URY
1958,17.85,URY
1959,17.45,URY
1960,17.9,URY
1961,18.0,URY
1962,17.22,URY
1963,17.72,URY
1964,16.74,URY
1965,17.8,URY
1966,17.04,URY
1967,17.76,URY
1968,17.63,URY
1969,17.73,URY
1970,17.58,URY
1971,17.33,URY
1972,17.68,URY
1973,17.4,URY
1974,17.4,URY
1975,17.67,URY
1976,17.14,URY
1977,18.15,URY
1978,17.57,URY
1979,17.57,URY
1980,18.29,URY
1981,17.91,URY
1982,18.07,URY
1983,17.49,URY
1984,17.31,URY
1985,18.01,URY
1986,18.15,URY
1987,17.9,URY
1988,17.02,URY
1989,18.04,URY
1990,17.68,URY
1991,18.02,URY
1992,17.55,URY
1993,17.68,URY
1994,18.13,URY
1995,17.6,URY
1996,17.78,URY
1997,18.26,URY
1998,17.47,URY
1999,17.53,URY
2000,17.67,URY
2001,18.45,URY
2002,18.03,URY
2003,17.5,URY
2004,17.99,URY
2005,18.03,URY
2006,18.25,URY
2007,17.37,URY
2008,18.23,URY
2009,17.91,URY
2010,17.92,URY
2011,17.75,URY
2012,18.48,URY
2013,17.71,URY
2014,18.35,URY
2015,18.37,URY
2016,17.7,URY
2017,18.78,URY
2018,18.23,URY
2019,18.14,URY
2020,18.12,URY
2021,18.06,URY
1901,25.04,VEN
1902,24.69,VEN
1903,24.77,VEN
1904,24.64,VEN
1905,24.58,VEN
1906,24.59,VEN
1907,24.69,VEN
1908,24.49,VEN
1909,24.6,VEN
1910,24.62,VEN
1911,24.75,VEN
1912,24.71,VEN
1913,24.78,VEN
1914,24.56,VEN
1915,25.08,VEN
1916,24.91,VEN
1917,24.86,VEN
1918,24.87,VEN
1919,24.63,VEN
1920,24.56,VEN
1921,24.7,VEN
1922,24.51,VEN
1923,24.69,VEN
1924,24.68,VEN
1925,24.68,VEN
1926,25.11,VEN
1927,24.57,VEN
1928,24.73,VEN
1929,24.6,VEN
1930,24.85,VEN
1931,25.08,VEN
1932,25.23,VEN
1933,24.85,VEN
1934,24.99,VEN
1935,24.89,VEN
1936,25.06,VEN
1937,25.15,VEN
1938,24.92,VEN
1939,25.01,VEN
1940,25.61,VEN
1941,25.87,VEN
1942,25.56,VEN
1943,25.12,VEN
1944,25.26,VEN
1945,25.06,VEN
1946,25.06,VEN
1947,25.41,VEN
1948,25.03,VEN
1949,24.86,VEN
1950,24.52,VEN
1951,25.19,VEN
1952,25.4,VEN
1953,25.24,VEN
1954,24.85,VEN
1955,24.76,VEN
1956,24.76,VEN
1957,25.17,VEN
1958,25.77,VEN
1959,25.29,VEN
1960,25.27,VEN
1961,25.24,VEN
1962,25.18,VEN
1963,25.28,VEN
1964,25.19,VEN
1965,25.17,VEN
1966,25.35,VEN
1967,24.91,VEN
1968,24.99,VEN
1969,25.58,VEN
1970,25.18,VEN
1971,24.62,VEN
1972,25.11,VEN
1973,25.41,VEN
1974,24.89,VEN
1975,24.87,VEN
1976,24.78,VEN
1977,25.33,VEN
1978,25.29,VEN
1979,25.45,VEN
1980,25.54,VEN
1981,25.32,VEN
1982,25.22,VEN
1983,25.68,VEN
1984,25.04,VEN
1985,24.83,VEN
1986,25.06,VEN
1987,25.82,VEN
1988,25.4,VEN
1989,24.89,VEN
1990,25.4,VEN
1991,25.3,VEN
1992,25.22,VEN
1993,25.22,VEN
1994,25.2,VEN
1995,25.61,VEN
1996,25.42,VEN
1997,25.61,VEN
1998,26.1,VEN
1999,25.31,VEN
2000,25.27,VEN
2001,25.79,VEN
2002,25.77,VEN
2003,26.08,VEN
2004,25.72,VEN
2005,25.88,VEN
2006,25.77,VEN
2007,25.72,VEN
2008,25.59,VEN
2009,25.98,VEN
2010,26.17,VEN
2011,25.69,VEN
2012,25.6,VEN
2013,25.76,VEN
2014,25.85,VEN
2015,26.26,VEN
2016,26.3,VEN
2017,25.88,VEN
2018,25.57,VEN
2019,25.87,VEN
2020,25.93,VEN
2021,25.61,VEN
